case_id,run_id,load_multiplier_pu,current_A,oil_temperature_C,contact_resistance_multiplier_pu,Qtotal_generated_W,Qremoved_air_W,Qremoved_oil_W,Qremoved_flange_W,Qremoved_total_W,Qoil_heat_in_W,Qoil_heat_out_W,Qboundary_heat_out_net_W,residual_W,residual_percent_Qgenerated,residual_percent_abs_boundary_flux,residual_percent_max_energy_scale,energy_scale_Qgenerated_W,energy_scale_abs_boundary_flux_W,energy_scale_max_W,valid_by_Qgenerated_percent,valid_by_absolute_residual,valid_by_max_energy_scale,heat_balance_status,notes
RUN008_CASE_001,SOLID_ONLY_RISK_125_RUN008B_HEAT_BALANCE_FIX,0.600000,750.000000,65.000000,1.000000,14.724086,31.7415487,-54.7308821,38.2248855,15.2355521,54.7308821,0,15.2355521,-0.5114661,-3.47366961,-0.410166085,-0.410166085,14.724086,124.697316,124.697316,true,true,true,VALID_STRICT,strict if |residual/Qgenerated|<10%; low-power reclassification requires |residual_W|<3 W and |residual/max_energy_scale|<5%
RUN008_CASE_002,SOLID_ONLY_RISK_125_RUN008B_HEAT_BALANCE_FIX,0.800000,1000.00000,65.000000,1.000000,24.4007919,35.9534059,-50.520043,39.7556981,25.189061,50.520043,0,25.189061,-0.7882691,-3.23050622,-0.62447471,-0.62447471,24.4007919,126.229147,126.229147,true,true,true,VALID_STRICT,strict if |residual/Qgenerated|<10%; low-power reclassification requires |residual_W|<3 W and |residual/max_energy_scale|<5%
RUN008_CASE_003,SOLID_ONLY_RISK_125_RUN008B_HEAT_BALANCE_FIX,1.000000,1250.00000,65.000000,1.000000,37.1183907,41.5216026,-45.258281,41.7952553,38.0585769,45.258281,0,38.0585769,-0.9401862,-2.53293902,-0.731234831,-0.731234831,37.1183907,128.575139,128.575139,true,true,true,VALID_STRICT,strict if |residual/Qgenerated|<10%; low-power reclassification requires |residual_W|<3 W and |residual/max_energy_scale|<5%
RUN008_CASE_004,SOLID_ONLY_RISK_125_RUN008B_HEAT_BALANCE_FIX,1.200000,1500.00000,65.000000,1.000000,53.1049095,48.5668524,-38.0551234,44.2751706,54.7868996,38.0551234,0,54.7868996,-1.6819901,-3.1672968,-1.28497079,-1.28497079,53.1049095,130.897146,130.897146,true,true,true,VALID_STRICT,strict if |residual/Qgenerated|<10%; low-power reclassification requires |residual_W|<3 W and |residual/max_energy_scale|<5%
RUN008_CASE_005,SOLID_ONLY_RISK_125_RUN008B_HEAT_BALANCE_FIX,1.400000,1750.00000,65.000000,1.000000,72.641197,57.1845177,-29.8318725,47.432881,74.7855262,29.8318725,0,74.7855262,-2.1443292,-2.9519464,-1.59489834,-1.59489834,72.641197,134.449271,134.449271,true,true,true,VALID_STRICT,strict if |residual/Qgenerated|<10%; low-power reclassification requires |residual_W|<3 W and |residual/max_energy_scale|<5%
RUN008_CASE_006,SOLID_ONLY_RISK_125_RUN008B_HEAT_BALANCE_FIX,0.600000,750.000000,75.000000,1.000000,14.9015785,38.127336,-68.9862518,47.1162066,16.2572908,68.9862518,0,16.2572908,-1.3557123,-9.09777645,-0.879021012,-0.879021012,14.9015785,154.229794,154.229794,true,true,true,VALID_STRICT,strict if |residual/Qgenerated|<10%; low-power reclassification requires |residual_W|<3 W and |residual/max_energy_scale|<5%
RUN008_CASE_007,SOLID_ONLY_RISK_125_RUN008B_HEAT_BALANCE_FIX,0.800000,1000.00000,75.000000,1.000000,24.7167696,42.3775055,-65.5814862,48.7966324,25.5926517,65.5814862,0,25.5926517,-0.8758821,-3.54367546,-0.558756411,-0.558756411,24.7167696,156.755624,156.755624,true,true,true,VALID_STRICT,strict if |residual/Qgenerated|<10%; low-power reclassification requires |residual_W|<3 W and |residual/max_energy_scale|<5%
RUN008_CASE_008,SOLID_ONLY_RISK_125_RUN008B_HEAT_BALANCE_FIX,1.000000,1250.00000,75.000000,1.000000,37.617151,48.0095636,-60.1434432,50.8444522,38.7105726,60.1434432,0,38.7105726,-1.0934216,-2.90671029,-0.687697531,-0.687697531,37.617151,158.997459,158.997459,true,true,true,VALID_STRICT,strict if |residual/Qgenerated|<10%; low-power reclassification requires |residual_W|<3 W and |residual/max_energy_scale|<5%
RUN008_CASE_009,SOLID_ONLY_RISK_125_RUN008B_HEAT_BALANCE_FIX,1.200000,1500.00000,75.000000,1.000000,53.8350258,55.1432777,-52.7465284,53.3348912,55.7316405,52.7465284,0,55.7316405,-1.8966147,-3.52301252,-1.17637976,-1.17637976,53.8350258,161.224697,161.224697,true,true,true,VALID_STRICT,strict if |residual/Qgenerated|<10%; low-power reclassification requires |residual_W|<3 W and |residual/max_energy_scale|<5%
RUN008_CASE_010,SOLID_ONLY_RISK_125_RUN008B_HEAT_BALANCE_FIX,1.400000,1750.00000,75.000000,1.000000,73.6537518,63.8701823,-44.4990579,56.5391407,75.9102651,44.4990579,0,75.9102651,-2.2565133,-3.06367733,-1.36834361,-1.36834361,73.6537518,164.908381,164.908381,true,true,true,VALID_STRICT,strict if |residual/Qgenerated|<10%; low-power reclassification requires |residual_W|<3 W and |residual/max_energy_scale|<5%
RUN008_CASE_011,SOLID_ONLY_RISK_125_RUN008B_HEAT_BALANCE_FIX,0.600000,750.000000,85.000000,1.000000,15.0784795,44.5027971,-83.9180998,56.09599,16.6806873,83.9180998,0,16.6806873,-1.6022078,-10.6257915,-0.868325836,-0.868325836,15.0784795,184.516887,184.516887,false,true,true,VALID_LOW_POWER_RECLASSIFIED,strict if |residual/Qgenerated|<10%; low-power reclassification requires |residual_W|<3 W and |residual/max_energy_scale|<5%
RUN008_CASE_012,SOLID_ONLY_RISK_125_RUN008B_HEAT_BALANCE_FIX,0.800000,1000.00000,85.000000,1.000000,25.0351249,48.8147606,-79.7074843,57.703929,26.8112053,79.7074843,0,26.8112053,-1.7760804,-7.09435406,-0.95372222,-0.95372222,25.0351249,186.226174,186.226174,true,true,true,VALID_STRICT,strict if |residual/Qgenerated|<10%; low-power reclassification requires |residual_W|<3 W and |residual/max_energy_scale|<5%
RUN008_CASE_013,SOLID_ONLY_RISK_125_RUN008B_HEAT_BALANCE_FIX,1.000000,1250.00000,85.000000,1.000000,38.1154892,54.4974833,-75.0473736,59.9057206,39.3558303,75.0473736,0,39.3558303,-1.2403411,-3.2541655,-0.654704312,-0.654704312,38.1154892,189.450578,189.450578,true,true,true,VALID_STRICT,strict if |residual/Qgenerated|<10%; low-power reclassification requires |residual_W|<3 W and |residual/max_energy_scale|<5%
RUN008_CASE_014,SOLID_ONLY_RISK_125_RUN008B_HEAT_BALANCE_FIX,1.200000,1500.00000,85.000000,1.000000,54.5637324,61.7167057,-67.3976873,62.4005365,56.7195549,67.3976873,0,56.7195549,-2.1558225,-3.95101729,-1.12566812,-1.12566812,54.5637324,191.514929,191.514929,true,true,true,VALID_STRICT,strict if |residual/Qgenerated|<10%; low-power reclassification requires |residual_W|<3 W and |residual/max_energy_scale|<5%
RUN008_CASE_015,SOLID_ONLY_RISK_125_RUN008B_HEAT_BALANCE_FIX,1.400000,1750.00000,85.000000,1.000000,74.6652038,70.5555514,-59.1047792,65.6442819,77.0950541,59.1047792,0,77.0950541,-2.4298503,-3.25432755,-1.2441336,-1.2441336,74.6652038,195.304613,195.304613,true,true,true,VALID_STRICT,strict if |residual/Qgenerated|<10%; low-power reclassification requires |residual_W|<3 W and |residual/max_energy_scale|<5%
RUN008_CASE_016,SOLID_ONLY_RISK_125_RUN008B_HEAT_BALANCE_FIX,0.600000,750.000000,95.000000,1.000000,15.2553774,50.8779322,-98.8461604,65.0750399,17.1068117,98.8461604,0,17.1068117,-1.8514343,-12.1362733,-0.861937513,-0.861937513,15.2553774,214.799132,214.799132,false,true,true,VALID_LOW_POWER_RECLASSIFIED,strict if |residual/Qgenerated|<10%; low-power reclassification requires |residual_W|<3 W and |residual/max_energy_scale|<5%
RUN008_CASE_017,SOLID_ONLY_RISK_125_RUN008B_HEAT_BALANCE_FIX,0.800000,1000.00000,95.000000,1.000000,25.3520503,55.2415629,-94.5870733,66.7121415,27.3666311,94.5870733,0,27.3666311,-2.0145808,-7.9464216,-0.930347079,-0.930347079,25.3520503,216.540778,216.540778,true,true,true,VALID_STRICT,strict if |residual/Qgenerated|<10%; low-power reclassification requires |residual_W|<3 W and |residual/max_energy_scale|<5%
RUN008_CASE_018,SOLID_ONLY_RISK_125_RUN008B_HEAT_BALANCE_FIX,1.000000,1250.00000,95.000000,1.000000,38.6141486,60.9879653,-89.9875367,68.9738122,39.9742408,89.9875367,0,39.9742408,-1.3600922,-3.52226386,-0.618366193,-0.618366193,38.6141486,219.949314,219.949314,true,true,true,VALID_STRICT,strict if |residual/Qgenerated|<10%; low-power reclassification requires |residual_W|<3 W and |residual/max_energy_scale|<5%
RUN008_CASE_019,SOLID_ONLY_RISK_125_RUN008B_HEAT_BALANCE_FIX,1.200000,1500.00000,95.000000,1.000000,55.2834438,68.2671958,-83.0667186,71.635395,56.8358722,83.0667186,0,56.8358722,-1.5524284,-2.80812535,-0.696252056,-0.696252056,55.2834438,222.969309,222.969309,true,true,true,VALID_STRICT,strict if |residual/Qgenerated|<10%; low-power reclassification requires |residual_W|<3 W and |residual/max_energy_scale|<5%
RUN008_CASE_020,SOLID_ONLY_RISK_125_RUN008B_HEAT_BALANCE_FIX,1.400000,1750.00000,95.000000,1.000000,75.6753486,77.2390354,-73.664735,74.7509432,78.3252436,73.664735,0,78.3252436,-2.649895,-3.5016621,-1.17431405,-1.17431405,75.6753486,225.654714,225.654714,true,true,true,VALID_STRICT,strict if |residual/Qgenerated|<10%; low-power reclassification requires |residual_W|<3 W and |residual/max_energy_scale|<5%
RUN008_CASE_021,SOLID_ONLY_RISK_125_RUN008B_HEAT_BALANCE_FIX,0.600000,750.000000,105.000000,1.000000,15.4322709,57.2528152,-113.772039,74.0537175,17.5344937,113.772039,0,17.5344937,-2.1022228,-13.6222518,-0.857775033,-0.857775033,15.4322709,245.078572,245.078572,false,true,true,VALID_LOW_POWER_RECLASSIFIED,strict if |residual/Qgenerated|<10%; low-power reclassification requires |residual_W|<3 W and |residual/max_energy_scale|<5%
RUN008_CASE_022,SOLID_ONLY_RISK_125_RUN008B_HEAT_BALANCE_FIX,0.800000,1000.00000,105.000000,1.000000,25.6690684,61.6687341,-109.461359,75.7181785,27.9255536,109.461359,0,27.9255536,-2.2564852,-8.7906782,-0.91411829,-0.91411829,25.6690684,246.848272,246.848272,true,true,true,VALID_STRICT,strict if |residual/Qgenerated|<10%; low-power reclassification requires |residual_W|<3 W and |residual/max_energy_scale|<5%
RUN008_CASE_023,SOLID_ONLY_RISK_125_RUN008B_HEAT_BALANCE_FIX,1.000000,1250.00000,105.000000,1.000000,39.1174874,67.4915436,-103.753688,77.8748368,41.6126924,103.753688,0,41.6126924,-2.495205,-6.37874558,-1.00160738,-1.00160738,39.1174874,249.120068,249.120068,true,true,true,VALID_STRICT,strict if |residual/Qgenerated|<10%; low-power reclassification requires |residual_W|<3 W and |residual/max_energy_scale|<5%
RUN008_CASE_024,SOLID_ONLY_RISK_125_RUN008B_HEAT_BALANCE_FIX,1.200000,1500.00000,105.000000,1.000000,56.0111529,74.8417501,-97.8486181,80.7278105,57.7209425,97.8486181,0,57.7209425,-1.7097896,-3.05258776,-0.674690983,-0.674690983,56.0111529,253.418179,253.418179,true,true,true,VALID_STRICT,strict if |residual/Qgenerated|<10%; low-power reclassification requires |residual_W|<3 W and |residual/max_energy_scale|<5%
RUN008_CASE_025,SOLID_ONLY_RISK_125_RUN008B_HEAT_BALANCE_FIX,1.400000,1750.00000,105.000000,1.000000,76.6842044,83.9202484,-88.1949897,83.8610371,79.5862958,88.1949897,0,79.5862958,-2.9020914,-3.7844709,-1.13373452,-1.13373452,76.6842044,255.976275,255.976275,true,true,true,VALID_STRICT,strict if |residual/Qgenerated|<10%; low-power reclassification requires |residual_W|<3 W and |residual/max_energy_scale|<5%
RUN008_CASE_026,SOLID_ONLY_RISK_125_RUN008B_HEAT_BALANCE_FIX,0.600000,750.000000,65.000000,2.000000,15.2956849,32.1030166,-54.5666425,38.2950767,15.8314508,54.5666425,0,15.8314508,-0.5357659,-3.50272579,-0.428733672,-0.428733672,15.2956849,124.964736,124.964736,true,true,true,VALID_STRICT,strict if |residual/Qgenerated|<10%; low-power reclassification requires |residual_W|<3 W and |residual/max_energy_scale|<5%
RUN008_CASE_027,SOLID_ONLY_RISK_125_RUN008B_HEAT_BALANCE_FIX,0.800000,1000.00000,65.000000,2.000000,25.4300374,36.6041003,-50.2326286,39.8829032,26.2543749,50.2326286,0,26.2543749,-0.8243375,-3.24158981,-0.650520749,-0.650520749,25.4300374,126.719632,126.719632,true,true,true,VALID_STRICT,strict if |residual/Qgenerated|<10%; low-power reclassification requires |residual_W|<3 W and |residual/max_energy_scale|<5%
RUN008_CASE_028,SOLID_ONLY_RISK_125_RUN008B_HEAT_BALANCE_FIX,1.000000,1250.00000,65.000000,2.000000,38.7533111,42.5526648,-44.8038271,41.9992544,39.7480921,44.8038271,0,39.7480921,-0.994781,-2.56695743,-0.769027298,-0.769027298,38.7533111,129.355746,129.355746,true,true,true,VALID_STRICT,strict if |residual/Qgenerated|<10%; low-power reclassification requires |residual_W|<3 W and |residual/max_energy_scale|<5%
RUN008_CASE_029,SOLID_ONLY_RISK_125_RUN008B_HEAT_BALANCE_FIX,1.200000,1500.00000,65.000000,2.000000,55.5083277,50.0794197,-37.3801568,44.5735486,57.2728115,37.3801568,0,57.2728115,-1.7644838,-3.17877312,-1.33639479,-1.33639479,55.5083277,132.033125,132.033125,true,true,true,VALID_STRICT,strict if |residual/Qgenerated|<10%; low-power reclassification requires |residual_W|<3 W and |residual/max_energy_scale|<5%
RUN008_CASE_030,SOLID_ONLY_RISK_125_RUN008B_HEAT_BALANCE_FIX,1.400000,1750.00000,65.000000,2.000000,75.9943046,59.2881787,-28.8728563,47.8506534,78.2659758,28.8728563,0,78.2659758,-2.2716712,-2.98926507,-1.67020293,-1.67020293,75.9943046,136.011688,136.011688,true,true,true,VALID_STRICT,strict if |residual/Qgenerated|<10%; low-power reclassification requires |residual_W|<3 W and |residual/max_energy_scale|<5%
RUN008_CASE_031,SOLID_ONLY_RISK_125_RUN008B_HEAT_BALANCE_FIX,0.600000,750.000000,75.000000,2.000000,15.473189,38.4888388,-68.8253029,47.1862188,16.8497547,68.8253029,0,16.8497547,-1.3765657,-8.89645761,-0.890978957,-0.890978957,15.473189,154.50036,154.50036,true,true,true,VALID_STRICT,strict if |residual/Qgenerated|<10%; low-power reclassification requires |residual_W|<3 W and |residual/max_energy_scale|<5%
RUN008_CASE_032,SOLID_ONLY_RISK_125_RUN008B_HEAT_BALANCE_FIX,0.800000,1000.00000,75.000000,2.000000,25.7459674,43.0278047,-65.2891221,48.9232641,26.6619467,65.2891221,0,26.6619467,-0.9159793,-3.55775833,-0.582535098,-0.582535098,25.7459674,157.240191,157.240191,true,true,true,VALID_STRICT,strict if |residual/Qgenerated|<10%; low-power reclassification requires |residual_W|<3 W and |residual/max_energy_scale|<5%
RUN008_CASE_033,SOLID_ONLY_RISK_125_RUN008B_HEAT_BALANCE_FIX,1.000000,1250.00000,75.000000,2.000000,39.2521306,49.0408003,-59.690826,51.0483752,40.3983495,59.690826,0,40.3983495,-1.1462189,-2.92014442,-0.717373194,-0.717373194,39.2521306,159.780001,159.780001,true,true,true,VALID_STRICT,strict if |residual/Qgenerated|<10%; low-power reclassification requires |residual_W|<3 W and |residual/max_energy_scale|<5%
RUN008_CASE_034,SOLID_ONLY_RISK_125_RUN008B_HEAT_BALANCE_FIX,1.200000,1500.00000,75.000000,2.000000,56.238524,56.65587,-52.0753442,53.6330919,58.2136177,52.0753442,0,58.2136177,-1.9750937,-3.5119942,-1.21645807,-1.21645807,56.238524,162.364306,162.364306,true,true,true,VALID_STRICT,strict if |residual/Qgenerated|<10%; low-power reclassification requires |residual_W|<3 W and |residual/max_energy_scale|<5%
RUN008_CASE_035,SOLID_ONLY_RISK_125_RUN008B_HEAT_BALANCE_FIX,1.400000,1750.00000,75.000000,2.000000,77.0069335,65.973498,-43.5482357,56.957067,79.3823293,43.5482357,0,79.3823293,-2.3753958,-3.08465185,-1.42684581,-1.42684581,77.0069335,166.478801,166.478801,true,true,true,VALID_STRICT,strict if |residual/Qgenerated|<10%; low-power reclassification requires |residual_W|<3 W and |residual/max_energy_scale|<5%
RUN008_CASE_036,SOLID_ONLY_RISK_125_RUN008B_HEAT_BALANCE_FIX,0.600000,750.000000,85.000000,2.000000,15.6500881,44.864253,-83.7581811,56.1661013,17.2721732,83.7581811,0,17.2721732,-1.6220851,-10.3647027,-0.877806135,-0.877806135,15.6500881,184.788535,184.788535,false,true,true,VALID_LOW_POWER_RECLASSIFIED,strict if |residual/Qgenerated|<10%; low-power reclassification requires |residual_W|<3 W and |residual/max_energy_scale|<5%
RUN008_CASE_037,SOLID_ONLY_RISK_125_RUN008B_HEAT_BALANCE_FIX,0.800000,1000.00000,85.000000,2.000000,26.064318,49.4648979,-79.4139977,57.8295001,27.8804003,79.4139977,0,27.8804003,-1.8160823,-6.96769545,-0.97268379,-0.97268379,26.064318,186.708396,186.708396,true,true,true,VALID_STRICT,strict if |residual/Qgenerated|<10%; low-power reclassification requires |residual_W|<3 W and |residual/max_energy_scale|<5%
RUN008_CASE_038,SOLID_ONLY_RISK_125_RUN008B_HEAT_BALANCE_FIX,1.000000,1250.00000,85.000000,2.000000,39.7504893,55.5287339,-74.5922647,60.1088871,41.0453563,74.5922647,0,41.0453563,-1.294867,-3.25748695,-0.680685369,-0.680685369,39.7504893,190.229886,190.229886,true,true,true,VALID_STRICT,strict if |residual/Qgenerated|<10%; low-power reclassification requires |residual_W|<3 W and |residual/max_energy_scale|<5%
RUN008_CASE_039,SOLID_ONLY_RISK_125_RUN008B_HEAT_BALANCE_FIX,1.200000,1500.00000,85.000000,2.000000,56.9673171,63.2294733,-66.7270214,62.6982471,59.200699,66.7270214,0,59.200699,-2.2333819,-3.92046179,-1.15926651,-1.15926651,56.9673171,192.654742,192.654742,true,true,true,VALID_STRICT,strict if |residual/Qgenerated|<10%; low-power reclassification requires |residual_W|<3 W and |residual/max_energy_scale|<5%
RUN008_CASE_040,SOLID_ONLY_RISK_125_RUN008B_HEAT_BALANCE_FIX,1.400000,1750.00000,85.000000,2.000000,78.0184781,72.6587833,-58.1603392,66.062224,80.5606681,58.1603392,0,80.5606681,-2.54219,-3.25844603,-1.29122949,-1.29122949,78.0184781,196.881347,196.881347,true,true,true,VALID_STRICT,strict if |residual/Qgenerated|<10%; low-power reclassification requires |residual_W|<3 W and |residual/max_energy_scale|<5%
RUN008_CASE_041,SOLID_ONLY_RISK_125_RUN008B_HEAT_BALANCE_FIX,0.600000,750.000000,95.000000,2.000000,15.8269857,51.239369,-98.6870066,65.1452043,17.6975667,98.6870066,0,17.6975667,-1.870581,-11.818934,-0.869748109,-0.869748109,15.8269857,215.07158,215.07158,false,true,true,VALID_LOW_POWER_RECLASSIFIED,strict if |residual/Qgenerated|<10%; low-power reclassification requires |residual_W|<3 W and |residual/max_energy_scale|<5%
RUN008_CASE_042,SOLID_ONLY_RISK_125_RUN008B_HEAT_BALANCE_FIX,0.800000,1000.00000,95.000000,2.000000,26.3812127,55.8914624,-94.2946692,66.8379949,28.4347881,94.2946692,0,28.4347881,-2.0535754,-7.78423427,-0.946242905,-0.946242905,26.3812127,217.024127,217.024127,true,true,true,VALID_STRICT,strict if |residual/Qgenerated|<10%; low-power reclassification requires |residual_W|<3 W and |residual/max_energy_scale|<5%
RUN008_CASE_043,SOLID_ONLY_RISK_125_RUN008B_HEAT_BALANCE_FIX,1.000000,1250.00000,95.000000,2.000000,40.2491101,62.0189566,-89.5279139,69.1761871,41.6672298,89.5279139,0,41.6672298,-1.4181197,-3.52335666,-0.642488245,-0.642488245,40.2491101,220.723058,220.723058,true,true,true,VALID_STRICT,strict if |residual/Qgenerated|<10%; low-power reclassification requires |residual_W|<3 W and |residual/max_energy_scale|<5%
RUN008_CASE_044,SOLID_ONLY_RISK_125_RUN008B_HEAT_BALANCE_FIX,1.200000,1500.00000,95.000000,2.000000,57.6951205,69.8010432,-81.3637933,71.7705847,60.2078346,81.3637933,0,60.2078346,-2.5127141,-4.35515877,-1.12710402,-1.12710402,57.6951205,222.935421,222.935421,true,true,true,VALID_STRICT,strict if |residual/Qgenerated|<10%; low-power reclassification requires |residual_W|<3 W and |residual/max_energy_scale|<5%
RUN008_CASE_045,SOLID_ONLY_RISK_125_RUN008B_HEAT_BALANCE_FIX,1.400000,1750.00000,95.000000,2.000000,79.0287292,79.342354,-72.7242297,75.1687466,81.7868709,72.7242297,0,81.7868709,-2.7581417,-3.49004941,-1.21378207,-1.21378207,79.0287292,227.23533,227.23533,true,true,true,VALID_STRICT,strict if |residual/Qgenerated|<10%; low-power reclassification requires |residual_W|<3 W and |residual/max_energy_scale|<5%
RUN008_CASE_046,SOLID_ONLY_RISK_125_RUN008B_HEAT_BALANCE_FIX,0.600000,750.000000,105.000000,2.000000,16.0038793,57.6142446,-113.613466,74.1239125,18.1246911,113.613466,0,18.1246911,-2.1208118,-13.2518608,-0.86439689,-0.86439689,16.0038793,245.351623,245.351623,false,true,true,VALID_LOW_POWER_RECLASSIFIED,strict if |residual/Qgenerated|<10%; low-power reclassification requires |residual_W|<3 W and |residual/max_energy_scale|<5%
RUN008_CASE_047,SOLID_ONLY_RISK_125_RUN008B_HEAT_BALANCE_FIX,0.800000,1000.00000,105.000000,2.000000,26.6982134,62.318498,-109.170149,75.8442457,28.9925947,109.170149,0,28.9925947,-2.2943813,-8.59376343,-0.927649079,-0.927649079,26.6982134,247.332893,247.332893,true,true,true,VALID_STRICT,strict if |residual/Qgenerated|<10%; low-power reclassification requires |residual_W|<3 W and |residual/max_energy_scale|<5%
RUN008_CASE_048,SOLID_ONLY_RISK_125_RUN008B_HEAT_BALANCE_FIX,1.000000,1250.00000,105.000000,2.000000,40.7525028,68.5225774,-103.287203,78.0744053,43.3097797,103.287203,0,43.3097797,-2.5572769,-6.27514073,-1.02338485,-1.02338485,40.7525028,249.884186,249.884186,true,true,true,VALID_STRICT,strict if |residual/Qgenerated|<10%; low-power reclassification requires |residual_W|<3 W and |residual/max_energy_scale|<5%
RUN008_CASE_049,SOLID_ONLY_RISK_125_RUN008B_HEAT_BALANCE_FIX,1.200000,1500.00000,105.000000,2.000000,58.4143088,76.3531817,-97.1810985,81.0283493,60.2004325,97.1810985,0,60.2004325,-1.7861237,-3.05768182,-0.701644112,-0.701644112,58.4143088,254.56263,254.56263,true,true,true,VALID_STRICT,strict if |residual/Qgenerated|<10%; low-power reclassification requires |residual_W|<3 W and |residual/max_energy_scale|<5%
RUN008_CASE_050,SOLID_ONLY_RISK_125_RUN008B_HEAT_BALANCE_FIX,1.400000,1750.00000,105.000000,2.000000,80.0376994,86.023745,-87.2561158,84.2784994,83.0461286,87.2561158,0,83.0461286,-3.0084292,-3.75876521,-1.16805729,-1.16805729,80.0376994,257.55836,257.55836,true,false,true,VALID_STRICT,strict if |residual/Qgenerated|<10%; low-power reclassification requires |residual_W|<3 W and |residual/max_energy_scale|<5%
RUN008_CASE_051,SOLID_ONLY_RISK_125_RUN008B_HEAT_BALANCE_FIX,0.600000,750.000000,65.000000,5.000000,17.0104922,33.1875499,-54.0744986,38.5057103,17.6187616,54.0744986,0,17.6187616,-0.6082694,-3.57584832,-0.483644939,-0.483644939,17.0104922,125.767759,125.767759,true,true,true,VALID_STRICT,strict if |residual/Qgenerated|<10%; low-power reclassification requires |residual_W|<3 W and |residual/max_energy_scale|<5%
RUN008_CASE_052,SOLID_ONLY_RISK_125_RUN008B_HEAT_BALANCE_FIX,0.800000,1000.00000,65.000000,5.000000,28.5177708,38.5560862,-49.3713893,40.2646027,29.4492996,49.3713893,0,29.4492996,-0.9315288,-3.26648533,-0.726666431,-0.726666431,28.5177708,128.192078,128.192078,true,true,true,VALID_STRICT,strict if |residual/Qgenerated|<10%; low-power reclassification requires |residual_W|<3 W and |residual/max_energy_scale|<5%
RUN008_CASE_053,SOLID_ONLY_RISK_125_RUN008B_HEAT_BALANCE_FIX,1.000000,1250.00000,65.000000,5.000000,43.663019,45.6695272,-42.8499169,42.5037558,45.3233661,42.8499169,0,45.3233661,-1.6603471,-3.80263925,-1.26721611,-1.26721611,43.663019,131.0232,131.0232,true,true,true,VALID_STRICT,strict if |residual/Qgenerated|<10%; low-power reclassification requires |residual_W|<3 W and |residual/max_energy_scale|<5%
RUN008_CASE_054,SOLID_ONLY_RISK_125_RUN008B_HEAT_BALANCE_FIX,1.200000,1500.00000,65.000000,5.000000,62.7185477,54.6169858,-35.3554313,45.4691888,64.7307433,35.3554313,0,64.7307433,-2.0121956,-3.20829431,-1.48565545,-1.48565545,62.7185477,135.441606,135.441606,true,true,true,VALID_STRICT,strict if |residual/Qgenerated|<10%; low-power reclassification requires |residual_W|<3 W and |residual/max_energy_scale|<5%
RUN008_CASE_055,SOLID_ONLY_RISK_125_RUN008B_HEAT_BALANCE_FIX,1.400000,1750.00000,65.000000,5.000000,86.0561571,65.5759937,-26.7483722,49.0691513,87.8967728,26.7483722,0,87.8967728,-1.8406157,-2.13885416,-1.3017681,-1.3017681,86.0561571,141.393517,141.393517,true,true,true,VALID_STRICT,strict if |residual/Qgenerated|<10%; low-power reclassification requires |residual_W|<3 W and |residual/max_energy_scale|<5%
RUN008_CASE_056,SOLID_ONLY_RISK_125_RUN008B_HEAT_BALANCE_FIX,0.600000,750.000000,75.000000,5.000000,17.1880255,39.5734344,-68.342172,47.3963042,18.6275666,68.342172,0,18.6275666,-1.4395411,-8.37525578,-0.926871026,-0.926871026,17.1880255,155.311911,155.311911,true,true,true,VALID_STRICT,strict if |residual/Qgenerated|<10%; low-power reclassification requires |residual_W|<3 W and |residual/max_energy_scale|<5%
RUN008_CASE_057,SOLID_ONLY_RISK_125_RUN008B_HEAT_BALANCE_FIX,0.800000,1000.00000,75.000000,5.000000,28.8335806,44.9788096,-64.4143844,49.30348,29.8679052,64.4143844,0,29.8679052,-1.0343246,-3.58722218,-0.65176199,-0.65176199,28.8335806,158.696674,158.696674,true,true,true,VALID_STRICT,strict if |residual/Qgenerated|<10%; low-power reclassification requires |residual_W|<3 W and |residual/max_energy_scale|<5%
RUN008_CASE_058,SOLID_ONLY_RISK_125_RUN008B_HEAT_BALANCE_FIX,1.000000,1250.00000,75.000000,5.000000,44.1570556,52.1342931,-58.3306122,51.6591612,45.4628421,58.3306122,0,45.4628421,-1.3057865,-2.95714124,-0.805424221,-0.805424221,44.1570556,162.124066,162.124066,true,true,true,VALID_STRICT,strict if |residual/Qgenerated|<10%; low-power reclassification requires |residual_W|<3 W and |residual/max_energy_scale|<5%
RUN008_CASE_059,SOLID_ONLY_RISK_125_RUN008B_HEAT_BALANCE_FIX,1.200000,1500.00000,75.000000,5.000000,63.4489906,61.1934594,-50.0647181,54.5282568,65.6569981,50.0647181,0,65.6569981,-2.2080075,-3.47997262,-1.33183846,-1.33183846,63.4489906,165.786434,165.786434,true,true,true,VALID_STRICT,strict if |residual/Qgenerated|<10%; low-power reclassification requires |residual_W|<3 W and |residual/max_energy_scale|<5%
RUN008_CASE_060,SOLID_ONLY_RISK_125_RUN008B_HEAT_BALANCE_FIX,1.400000,1750.00000,75.000000,5.000000,87.0664042,72.2832685,-40.6943029,58.211444,89.8004096,40.6943029,0,89.8004096,-2.7340054,-3.14013818,-1.59706824,-1.59706824,87.0664042,171.189015,171.189015,true,true,true,VALID_STRICT,strict if |residual/Qgenerated|<10%; low-power reclassification requires |residual_W|<3 W and |residual/max_energy_scale|<5%
RUN008_CASE_061,SOLID_ONLY_RISK_125_RUN008B_HEAT_BALANCE_FIX,0.600000,750.000000,85.000000,5.000000,17.364917,45.9486813,-83.2780227,56.3764828,19.0471414,83.2780227,0,19.0471414,-1.6822244,-9.68748886,-0.906355343,-0.906355343,17.364917,185.603187,185.603187,true,true,true,VALID_STRICT,strict if |residual/Qgenerated|<10%; low-power reclassification requires |residual_W|<3 W and |residual/max_energy_scale|<5%
RUN008_CASE_062,SOLID_ONLY_RISK_125_RUN008B_HEAT_BALANCE_FIX,0.800000,1000.00000,85.000000,5.000000,29.1519339,51.4155923,-78.5349661,58.2065253,31.0871515,78.5349661,0,31.0871515,-1.9352176,-6.63838498,-1.02851169,-1.02851169,29.1519339,188.157084,188.157084,true,true,true,VALID_STRICT,strict if |residual/Qgenerated|<10%; low-power reclassification requires |residual_W|<3 W and |residual/max_energy_scale|<5%
RUN008_CASE_063,SOLID_ONLY_RISK_125_RUN008B_HEAT_BALANCE_FIX,1.000000,1250.00000,85.000000,5.000000,44.6554694,58.6222625,-73.2267666,60.7181115,46.1136074,73.2267666,0,46.1136074,-1.458138,-3.26530662,-0.757210184,-0.757210184,44.6554694,192.567141,192.567141,true,true,true,VALID_STRICT,strict if |residual/Qgenerated|<10%; low-power reclassification requires |residual_W|<3 W and |residual/max_energy_scale|<5%
RUN008_CASE_064,SOLID_ONLY_RISK_125_RUN008B_HEAT_BALANCE_FIX,1.200000,1500.00000,85.000000,5.000000,64.178036,67.767521,-64.7207468,63.5921239,66.6388981,64.7207468,0,66.6388981,-2.4608621,-3.83443036,-1.25502712,-1.25502712,64.178036,196.080392,196.080392,true,true,true,VALID_STRICT,strict if |residual/Qgenerated|<10%; low-power reclassification requires |residual_W|<3 W and |residual/max_energy_scale|<5%
RUN008_CASE_065,SOLID_ONLY_RISK_125_RUN008B_HEAT_BALANCE_FIX,1.400000,1750.00000,85.000000,5.000000,88.0782357,78.9682875,-55.3271637,67.3167307,90.9578545,55.3271637,0,90.9578545,-2.8796188,-3.26938747,-1.42829603,-1.42829603,88.0782357,201.612182,201.612182,true,true,true,VALID_STRICT,strict if |residual/Qgenerated|<10%; low-power reclassification requires |residual_W|<3 W and |residual/max_energy_scale|<5%
RUN008_CASE_066,SOLID_ONLY_RISK_125_RUN008B_HEAT_BALANCE_FIX,0.600000,750.000000,95.000000,5.000000,17.5418124,52.3237238,-98.2091157,65.3557435,19.4703516,98.2091157,0,19.4703516,-1.9285392,-10.9939564,-0.893303005,-0.893303005,17.5418124,215.888583,215.888583,false,true,true,VALID_LOW_POWER_RECLASSIFIED,strict if |residual/Qgenerated|<10%; low-power reclassification requires |residual_W|<3 W and |residual/max_energy_scale|<5%
RUN008_CASE_067,SOLID_ONLY_RISK_125_RUN008B_HEAT_BALANCE_FIX,0.800000,1000.00000,95.000000,5.000000,29.4687301,57.8414078,-93.4178608,67.2157626,31.6393096,93.4178608,0,31.6393096,-2.1705795,-7.36570423,-0.993513761,-0.993513761,29.4687301,218.475031,218.475031,true,true,true,VALID_STRICT,strict if |residual/Qgenerated|<10%; low-power reclassification requires |residual_W|<3 W and |residual/max_energy_scale|<5%
RUN008_CASE_068,SOLID_ONLY_RISK_125_RUN008B_HEAT_BALANCE_FIX,1.000000,1250.00000,95.000000,5.000000,45.1584411,65.1264201,-87.108472,69.6281928,47.6461409,87.108472,0,47.6461409,-2.4876998,-5.50882568,-1.12127703,-1.12127703,45.1584411,221.863085,221.863085,true,true,true,VALID_STRICT,strict if |residual/Qgenerated|<10%; low-power reclassification requires |residual_W|<3 W and |residual/max_energy_scale|<5%
RUN008_CASE_069,SOLID_ONLY_RISK_125_RUN008B_HEAT_BALANCE_FIX,1.200000,1500.00000,95.000000,5.000000,64.9060327,74.3394975,-79.3540012,72.662438,67.6479343,79.3540012,0,67.6479343,-2.7419016,-4.22441719,-1.21132303,-1.21132303,64.9060327,226.355937,226.355937,true,true,true,VALID_STRICT,strict if |residual/Qgenerated|<10%; low-power reclassification requires |residual_W|<3 W and |residual/max_energy_scale|<5%
RUN008_CASE_070,SOLID_ONLY_RISK_125_RUN008B_HEAT_BALANCE_FIX,1.400000,1750.00000,95.000000,5.000000,89.0888124,85.6520819,-69.905483,76.4228965,92.1694954,69.905483,0,92.1694954,-3.080683,-3.45799087,-1.32799244,-1.32799244,89.0888124,231.980461,231.980461,true,false,true,VALID_STRICT,strict if |residual/Qgenerated|<10%; low-power reclassification requires |residual_W|<3 W and |residual/max_energy_scale|<5%
RUN008_CASE_071,SOLID_ONLY_RISK_125_RUN008B_HEAT_BALANCE_FIX,0.600000,750.000000,105.000000,5.000000,17.7187059,58.6985666,-113.137325,74.334541,19.8957826,113.137325,0,19.8957826,-2.1770767,-12.2868832,-0.884377818,-0.884377818,17.7187059,246.170433,246.170433,false,true,true,VALID_LOW_POWER_RECLASSIFIED,strict if |residual/Qgenerated|<10%; low-power reclassification requires |residual_W|<3 W and |residual/max_energy_scale|<5%
RUN008_CASE_072,SOLID_ONLY_RISK_125_RUN008B_HEAT_BALANCE_FIX,0.800000,1000.00000,105.000000,5.000000,29.7856718,64.2679895,-108.296347,76.2226066,32.1942491,108.296347,0,32.1942491,-2.4085773,-8.08636218,-0.9681285,-0.9681285,29.7856718,248.786943,248.786943,true,true,true,VALID_STRICT,strict if |residual/Qgenerated|<10%; low-power reclassification requires |residual_W|<3 W and |residual/max_energy_scale|<5%
RUN008_CASE_073,SOLID_ONLY_RISK_125_RUN008B_HEAT_BALANCE_FIX,1.000000,1250.00000,105.000000,5.000000,45.65763,71.6160884,-101.892557,78.6740532,48.3975846,101.892557,0,48.3975846,-2.7399546,-6.0010881,-1.08649587,-1.08649587,45.65763,252.182699,252.182699,true,true,true,VALID_STRICT,strict if |residual/Qgenerated|<10%; low-power reclassification requires |residual_W|<3 W and |residual/max_energy_scale|<5%
RUN008_CASE_074,SOLID_ONLY_RISK_125_RUN008B_HEAT_BALANCE_FIX,1.200000,1500.00000,105.000000,5.000000,65.6335076,80.9107148,-93.9858562,81.7387061,68.6635647,93.9858562,0,68.6635647,-3.0300571,-4.61663137,-1.18068612,-1.18068612,65.6335076,256.635277,256.635277,true,false,true,VALID_STRICT,strict if |residual/Qgenerated|<10%; low-power reclassification requires |residual_W|<3 W and |residual/max_energy_scale|<5%
RUN008_CASE_075,SOLID_ONLY_RISK_125_RUN008B_HEAT_BALANCE_FIX,1.400000,1750.00000,105.000000,5.000000,90.0981208,92.3339578,-84.4450263,85.5317563,93.4206878,84.4450263,0,93.4206878,-3.322567,-3.68772064,-1.26665305,-1.26665305,90.0981208,262.31074,262.31074,true,false,true,VALID_STRICT,strict if |residual/Qgenerated|<10%; low-power reclassification requires |residual_W|<3 W and |residual/max_energy_scale|<5%
RUN008_CASE_076,SOLID_ONLY_RISK_125_RUN008B_HEAT_BALANCE_FIX,0.600000,750.000000,65.000000,10.000000,19.8685337,34.9954507,-53.256063,38.8569241,20.5963118,53.256063,0,20.5963118,-0.7277781,-3.66296834,-0.572564743,-0.572564743,19.8685337,127.108438,127.108438,true,true,true,VALID_STRICT,strict if |residual/Qgenerated|<10%; low-power reclassification requires |residual_W|<3 W and |residual/max_energy_scale|<5%
RUN008_CASE_077,SOLID_ONLY_RISK_125_RUN008B_HEAT_BALANCE_FIX,0.800000,1000.00000,65.000000,10.000000,33.6639963,41.8091583,-47.9374672,40.9003855,34.7720766,47.9374672,0,34.7720766,-1.1080803,-3.29158871,-0.848148221,-0.848148221,33.6639963,130.647011,130.647011,true,true,true,VALID_STRICT,strict if |residual/Qgenerated|<10%; low-power reclassification requires |residual_W|<3 W and |residual/max_energy_scale|<5%
RUN008_CASE_078,SOLID_ONLY_RISK_125_RUN008B_HEAT_BALANCE_FIX,1.000000,1250.00000,65.000000,10.000000,51.8388776,50.8290041,-40.5899398,43.5145119,53.7535762,40.5899398,0,53.7535762,-1.9146986,-3.69355721,-1.41899471,-1.41899471,51.8388776,134.933456,134.933456,true,true,true,VALID_STRICT,strict if |residual/Qgenerated|<10%; low-power reclassification requires |residual_W|<3 W and |residual/max_energy_scale|<5%
RUN008_CASE_079,SOLID_ONLY_RISK_125_RUN008B_HEAT_BALANCE_FIX,1.200000,1500.00000,65.000000,10.000000,74.7354111,62.1791012,-31.974587,46.9629016,77.1674158,31.974587,0,77.1674158,-2.4320047,-3.2541531,-1.72340099,-1.72340099,74.7354111,141.11659,141.11659,true,true,true,VALID_STRICT,strict if |residual/Qgenerated|<10%; low-power reclassification requires |residual_W|<3 W and |residual/max_energy_scale|<5%
RUN008_CASE_080,SOLID_ONLY_RISK_125_RUN008B_HEAT_BALANCE_FIX,1.400000,1750.00000,65.000000,10.000000,102.82126,76.0908057,-22.0055704,51.1585045,105.24374,22.0055704,0,105.24374,-2.4224798,-2.35601061,-1.62304897,-1.62304897,102.82126,149.254881,149.254881,true,true,true,VALID_STRICT,strict if |residual/Qgenerated|<10%; low-power reclassification requires |residual_W|<3 W and |residual/max_energy_scale|<5%
RUN008_CASE_081,SOLID_ONLY_RISK_125_RUN008B_HEAT_BALANCE_FIX,0.600000,750.000000,75.000000,10.000000,20.0461032,41.3813667,-67.5364851,47.7466432,21.5915248,67.5364851,0,21.5915248,-1.5454216,-7.70933675,-0.986452993,-0.986452993,20.0461032,156.664495,156.664495,true,true,true,VALID_STRICT,strict if |residual/Qgenerated|<10%; low-power reclassification requires |residual_W|<3 W and |residual/max_energy_scale|<5%
RUN008_CASE_082,SOLID_ONLY_RISK_125_RUN008B_HEAT_BALANCE_FIX,0.800000,1000.00000,75.000000,10.000000,33.9796524,48.230664,-62.961605,49.9375929,35.2066519,62.961605,0,35.2066519,-1.2269995,-3.61098308,-0.76149727,-0.76149727,33.9796524,161.129862,161.129862,true,true,true,VALID_STRICT,strict if |residual/Qgenerated|<10%; low-power reclassification requires |residual_W|<3 W and |residual/max_energy_scale|<5%
RUN008_CASE_083,SOLID_ONLY_RISK_125_RUN008B_HEAT_BALANCE_FIX,1.000000,1250.00000,75.000000,10.000000,52.3375775,57.3144072,-55.3257373,52.5466517,54.5353216,55.3257373,0,54.5353216,-2.1977441,-4.19917047,-1.33045991,-1.33045991,52.3375775,165.186796,165.186796,true,true,true,VALID_STRICT,strict if |residual/Qgenerated|<10%; low-power reclassification requires |residual_W|<3 W and |residual/max_energy_scale|<5%
RUN008_CASE_084,SOLID_ONLY_RISK_125_RUN008B_HEAT_BALANCE_FIX,1.200000,1500.00000,75.000000,10.000000,75.4663013,68.75548,-46.7145681,56.0214127,78.0623246,46.7145681,0,78.0623246,-2.5960233,-3.43997686,-1.51379158,-1.51379158,75.4663013,171.491461,171.491461,true,true,true,VALID_STRICT,strict if |residual/Qgenerated|<10%; low-power reclassification requires |residual_W|<3 W and |residual/max_energy_scale|<5%
RUN008_CASE_085,SOLID_ONLY_RISK_125_RUN008B_HEAT_BALANCE_FIX,1.400000,1750.00000,75.000000,10.000000,103.834231,82.7758153,-36.7820891,60.2601069,106.253833,36.7820891,0,106.253833,-2.4196021,-2.33025475,-1.34558384,-1.34558384,103.834231,179.818011,179.818011,true,true,true,VALID_STRICT,strict if |residual/Qgenerated|<10%; low-power reclassification requires |residual_W|<3 W and |residual/max_energy_scale|<5%
RUN008_CASE_086,SOLID_ONLY_RISK_125_RUN008B_HEAT_BALANCE_FIX,0.600000,750.000000,85.000000,10.000000,20.2229756,47.7562587,-82.4767571,56.7273021,22.0068037,82.4767571,0,22.0068037,-1.7838281,-8.82079935,-0.954121238,-0.954121238,20.2229756,186.960318,186.960318,true,true,true,VALID_STRICT,strict if |residual/Qgenerated|<10%; low-power reclassification requires |residual_W|<3 W and |residual/max_energy_scale|<5%
RUN008_CASE_087,SOLID_ONLY_RISK_125_RUN008B_HEAT_BALANCE_FIX,0.800000,1000.00000,85.000000,10.000000,34.2980625,54.6674809,-77.0754775,58.8359406,36.427944,77.0754775,0,36.427944,-2.1298815,-6.20991783,-1.11758516,-1.11758516,34.2980625,190.578899,190.578899,true,true,true,VALID_STRICT,strict if |residual/Qgenerated|<10%; low-power reclassification requires |residual_W|<3 W and |residual/max_energy_scale|<5%
RUN008_CASE_088,SOLID_ONLY_RISK_125_RUN008B_HEAT_BALANCE_FIX,1.000000,1250.00000,85.000000,10.000000,52.8358084,63.7989845,-70.0597475,61.5868094,55.3260464,70.0597475,0,55.3260464,-2.490238,-4.71316343,-1.27413395,-1.27413395,52.8358084,195.445541,195.445541,true,true,true,VALID_STRICT,strict if |residual/Qgenerated|<10%; low-power reclassification requires |residual_W|<3 W and |residual/max_energy_scale|<5%
RUN008_CASE_089,SOLID_ONLY_RISK_125_RUN008B_HEAT_BALANCE_FIX,1.200000,1500.00000,85.000000,10.000000,76.1957901,75.3301753,-61.3868872,65.0835563,79.0268444,61.3868872,0,79.0268444,-2.8310543,-3.71549963,-1.40289674,-1.40289674,76.1957901,201.800619,201.800619,true,true,true,VALID_STRICT,strict if |residual/Qgenerated|<10%; low-power reclassification requires |residual_W|<3 W and |residual/max_energy_scale|<5%
RUN008_CASE_090,SOLID_ONLY_RISK_125_RUN008B_HEAT_BALANCE_FIX,1.400000,1750.00000,85.000000,10.000000,104.844194,89.4833851,-50.5962351,69.4087853,108.295935,50.5962351,0,108.295935,-3.4517413,-3.29225794,-1.6477004,-1.6477004,104.844194,209.488406,209.488406,true,false,true,VALID_STRICT,strict if |residual/Qgenerated|<10%; low-power reclassification requires |residual_W|<3 W and |residual/max_energy_scale|<5%
RUN008_CASE_091,SOLID_ONLY_RISK_125_RUN008B_HEAT_BALANCE_FIX,0.600000,750.000000,95.000000,10.000000,20.3998636,54.1311283,-97.4114456,65.7068152,22.4264979,97.4114456,0,22.4264979,-2.0266343,-9.93454829,-0.932860759,-0.932860759,20.3998636,217.249389,217.249389,true,true,true,VALID_STRICT,strict if |residual/Qgenerated|<10%; low-power reclassification requires |residual_W|<3 W and |residual/max_energy_scale|<5%
RUN008_CASE_092,SOLID_ONLY_RISK_125_RUN008B_HEAT_BALANCE_FIX,0.800000,1000.00000,95.000000,10.000000,34.6146836,61.0920227,-91.9589479,67.8461292,36.979204,91.9589479,0,36.979204,-2.3645204,-6.83097505,-1.07041713,-1.07041713,34.6146836,220.8971,220.8971,true,true,true,VALID_STRICT,strict if |residual/Qgenerated|<10%; low-power reclassification requires |residual_W|<3 W and |residual/max_energy_scale|<5%
RUN008_CASE_093,SOLID_ONLY_RISK_125_RUN008B_HEAT_BALANCE_FIX,1.000000,1250.00000,95.000000,10.000000,53.3342049,70.2848362,-84.8123309,70.6310561,56.1035614,84.8123309,0,56.1035614,-2.7693565,-5.19245858,-1.22685434,-1.22685434,53.3342049,225.728223,225.728223,true,true,true,VALID_STRICT,strict if |residual/Qgenerated|<10%; low-power reclassification requires |residual_W|<3 W and |residual/max_energy_scale|<5%
RUN008_CASE_094,SOLID_ONLY_RISK_125_RUN008B_HEAT_BALANCE_FIX,1.200000,1500.00000,95.000000,10.000000,76.924121,81.9028124,-76.0220011,74.1512765,80.0320878,76.0220011,0,80.0320878,-3.1079668,-4.040302,-1.33920164,-1.33920164,76.924121,232.07609,232.07609,true,false,true,VALID_STRICT,strict if |residual/Qgenerated|<10%; low-power reclassification requires |residual_W|<3 W and |residual/max_energy_scale|<5%
RUN008_CASE_095,SOLID_ONLY_RISK_125_RUN008B_HEAT_BALANCE_FIX,1.400000,1750.00000,95.000000,10.000000,105.855353,96.1674658,-65.2054325,78.5146005,109.476634,65.2054325,0,109.476634,-3.6212808,-3.42097088,-1.50957462,-1.50957462,105.855353,239.887499,239.887499,true,false,true,VALID_STRICT,strict if |residual/Qgenerated|<10%; low-power reclassification requires |residual_W|<3 W and |residual/max_energy_scale|<5%
RUN008_CASE_096,SOLID_ONLY_RISK_125_RUN008B_HEAT_BALANCE_FIX,0.600000,750.000000,105.000000,10.000000,20.5767546,60.5058835,-112.342526,74.6857498,22.8491073,112.342526,0,22.8491073,-2.2723527,-11.0432998,-0.917995604,-0.917995604,20.5767546,247.534159,247.534159,false,true,true,VALID_LOW_POWER_RECLASSIFIED,strict if |residual/Qgenerated|<10%; low-power reclassification requires |residual_W|<3 W and |residual/max_energy_scale|<5%
RUN008_CASE_097,SOLID_ONLY_RISK_125_RUN008B_HEAT_BALANCE_FIX,0.800000,1000.00000,105.000000,10.000000,34.9315095,67.5177497,-106.840463,76.8538069,37.5310936,106.840463,0,37.5310936,-2.5995841,-7.44194607,-1.03481677,-1.03481677,34.9315095,251.21202,251.21202,true,true,true,VALID_STRICT,strict if |residual/Qgenerated|<10%; low-power reclassification requires |residual_W|<3 W and |residual/max_energy_scale|<5%
RUN008_CASE_098,SOLID_ONLY_RISK_125_RUN008B_HEAT_BALANCE_FIX,1.000000,1250.00000,105.000000,10.000000,53.8330424,76.7728363,-99.5834765,79.6761358,56.8654956,99.5834765,0,56.8654956,-3.0324532,-5.63307044,-1.18440191,-1.18440191,53.8330424,256.032449,256.032449,true,false,true,VALID_STRICT,strict if |residual/Qgenerated|<10%; low-power reclassification requires |residual_W|<3 W and |residual/max_energy_scale|<5%
RUN008_CASE_099,SOLID_ONLY_RISK_125_RUN008B_HEAT_BALANCE_FIX,1.200000,1500.00000,105.000000,10.000000,77.6517462,88.4742484,-90.6452589,83.2245565,81.053546,90.6452589,0,81.053546,-3.4017998,-4.38084134,-1.29669402,-1.29669402,77.6517462,262.344064,262.344064,true,false,true,VALID_STRICT,strict if |residual/Qgenerated|<10%; low-power reclassification requires |residual_W|<3 W and |residual/max_energy_scale|<5%
RUN008_CASE_100,SOLID_ONLY_RISK_125_RUN008B_HEAT_BALANCE_FIX,1.400000,1750.00000,105.000000,10.000000,106.865256,102.850062,-79.7661597,87.6223211,110.706223,79.7661597,0,110.706223,-3.8409674,-3.59421532,-1.42132479,-1.42132479,106.865256,270.238543,270.238543,true,false,true,VALID_STRICT,strict if |residual/Qgenerated|<10%; low-power reclassification requires |residual_W|<3 W and |residual/max_energy_scale|<5%
RUN008_CASE_101,SOLID_ONLY_RISK_125_RUN008B_HEAT_BALANCE_FIX,0.600000,750.000000,65.000000,20.000000,25.5856249,38.6252028,-50.9725574,39.4632744,27.1159198,50.9725574,0,27.1159198,-1.5302949,-5.98107299,-1.18571411,-1.18571411,25.5856249,129.061035,129.061035,true,true,true,VALID_STRICT,strict if |residual/Qgenerated|<10%; low-power reclassification requires |residual_W|<3 W and |residual/max_energy_scale|<5%
RUN008_CASE_102,SOLID_ONLY_RISK_125_RUN008B_HEAT_BALANCE_FIX,0.800000,1000.00000,65.000000,20.000000,43.9593793,48.3361225,-44.4865901,42.0685503,45.9180827,44.4865901,0,45.9180827,-1.9587034,-4.45571214,-1.45206098,-1.45206098,43.9593793,134.891263,134.891263,true,true,true,VALID_STRICT,strict if |residual/Qgenerated|<10%; low-power reclassification requires |residual_W|<3 W and |residual/max_energy_scale|<5%
RUN008_CASE_103,SOLID_ONLY_RISK_125_RUN008B_HEAT_BALANCE_FIX,1.000000,1250.00000,65.000000,20.000000,68.1903305,61.1464534,-36.06747,45.5386994,70.6176828,36.06747,0,70.6176828,-2.4273523,-3.55967229,-1.70039068,-1.70039068,68.1903305,142.752623,142.752623,true,true,true,VALID_STRICT,strict if |residual/Qgenerated|<10%; low-power reclassification requires |residual_W|<3 W and |residual/max_energy_scale|<5%
RUN008_CASE_104,SOLID_ONLY_RISK_125_RUN008B_HEAT_BALANCE_FIX,1.200000,1500.00000,65.000000,20.000000,98.7697341,77.2788927,-25.8783158,49.9170393,101.317616,25.8783158,0,101.317616,-2.5478821,-2.57961826,-1.66447468,-1.66447468,98.7697341,153.074248,153.074248,true,true,true,VALID_STRICT,strict if |residual/Qgenerated|<10%; low-power reclassification requires |residual_W|<3 W and |residual/max_energy_scale|<5%
RUN008_CASE_105,SOLID_ONLY_RISK_125_RUN008B_HEAT_BALANCE_FIX,1.400000,1750.00000,65.000000,20.000000,136.351423,97.1012637,-12.3147861,55.3592993,140.145777,12.3147861,0,140.145777,-3.7943539,-2.78277543,-2.30274366,-2.30274366,136.351423,164.775349,164.775349,true,false,true,VALID_STRICT,strict if |residual/Qgenerated|<10%; low-power reclassification requires |residual_W|<3 W and |residual/max_energy_scale|<5%
RUN008_CASE_106,SOLID_ONLY_RISK_125_RUN008B_HEAT_BALANCE_FIX,0.600000,750.000000,75.000000,20.000000,25.7623187,44.9980773,-65.9255196,48.4481132,27.5206709,65.9255196,0,27.5206709,-1.7583522,-6.82528704,-1.10330259,-1.10330259,25.7623187,159.37171,159.37171,true,true,true,VALID_STRICT,strict if |residual/Qgenerated|<10%; low-power reclassification requires |residual_W|<3 W and |residual/max_energy_scale|<5%
RUN008_CASE_107,SOLID_ONLY_RISK_125_RUN008B_HEAT_BALANCE_FIX,0.800000,1000.00000,75.000000,20.000000,44.2747682,54.7531468,-59.3169604,51.0832164,46.5194028,59.3169604,0,46.5194028,-2.2446346,-5.06978284,-1.35912166,-1.35912166,44.2747682,165.153324,165.153324,true,true,true,VALID_STRICT,strict if |residual/Qgenerated|<10%; low-power reclassification requires |residual_W|<3 W and |residual/max_energy_scale|<5%
RUN008_CASE_108,SOLID_ONLY_RISK_125_RUN008B_HEAT_BALANCE_FIX,1.000000,1250.00000,75.000000,20.000000,68.6895934,67.6327941,-50.8242133,54.5658497,71.3744305,50.8242133,0,71.3744305,-2.6848371,-3.9086519,-1.55172394,-1.55172394,68.6895934,173.022857,173.022857,true,true,true,VALID_STRICT,strict if |residual/Qgenerated|<10%; low-power reclassification requires |residual_W|<3 W and |residual/max_energy_scale|<5%
RUN008_CASE_109,SOLID_ONLY_RISK_125_RUN008B_HEAT_BALANCE_FIX,1.200000,1500.00000,75.000000,20.000000,99.5002219,83.8777541,-39.98142,59.0101075,102.906442,39.98142,0,102.906442,-3.4062197,-3.42332875,-1.86265275,-1.86265275,99.5002219,182.869282,182.869282,true,false,true,VALID_STRICT,strict if |residual/Qgenerated|<10%; low-power reclassification requires |residual_W|<3 W and |residual/max_energy_scale|<5%
RUN008_CASE_110,SOLID_ONLY_RISK_125_RUN008B_HEAT_BALANCE_FIX,1.400000,1750.00000,75.000000,20.000000,137.364366,103.803454,-27.3179371,64.4397521,140.925269,27.3179371,0,140.925269,-3.560903,-2.59230476,-1.82086428,-1.82086428,137.364366,195.561143,195.561143,true,false,true,VALID_STRICT,strict if |residual/Qgenerated|<10%; low-power reclassification requires |residual_W|<3 W and |residual/max_energy_scale|<5%
RUN008_CASE_111,SOLID_ONLY_RISK_125_RUN008B_HEAT_BALANCE_FIX,0.600000,750.000000,85.000000,20.000000,25.9391324,51.3720769,-80.8722708,57.4297098,27.9295159,80.8722708,0,27.9295159,-1.9903835,-7.67328479,-1.04937044,-1.04937044,25.9391324,189.674058,189.674058,true,true,true,VALID_STRICT,strict if |residual/Qgenerated|<10%; low-power reclassification requires |residual_W|<3 W and |residual/max_energy_scale|<5%
RUN008_CASE_112,SOLID_ONLY_RISK_125_RUN008B_HEAT_BALANCE_FIX,0.800000,1000.00000,85.000000,20.000000,44.5906061,61.1728681,-74.1772452,60.0975756,47.0931985,74.1772452,0,47.0931985,-2.5025924,-5.61237583,-1.28044103,-1.28044103,44.5906061,195.447689,195.447689,true,true,true,VALID_STRICT,strict if |residual/Qgenerated|<10%; low-power reclassification requires |residual_W|<3 W and |residual/max_energy_scale|<5%
RUN008_CASE_113,SOLID_ONLY_RISK_125_RUN008B_HEAT_BALANCE_FIX,1.000000,1250.00000,85.000000,20.000000,69.1879545,74.117468,-65.5452178,63.6012718,72.173522,65.5452178,0,72.173522,-2.9855675,-4.31515503,-1.46881303,-1.46881303,69.1879545,203.263958,203.263958,true,true,true,VALID_STRICT,strict if |residual/Qgenerated|<10%; low-power reclassification requires |residual_W|<3 W and |residual/max_energy_scale|<5%
RUN008_CASE_114,SOLID_ONLY_RISK_125_RUN008B_HEAT_BALANCE_FIX,1.200000,1500.00000,85.000000,20.000000,100.230731,90.453296,-54.7097906,68.0696323,103.813138,54.7097906,0,103.813138,-3.5824067,-3.57416,-1.6800455,-1.6800455,100.230731,213.232719,213.232719,true,false,true,VALID_STRICT,strict if |residual/Qgenerated|<10%; low-power reclassification requires |residual_W|<3 W and |residual/max_energy_scale|<5%
RUN008_CASE_115,SOLID_ONLY_RISK_125_RUN008B_HEAT_BALANCE_FIX,1.400000,1750.00000,85.000000,20.000000,138.377402,110.488166,-42.0992135,73.541514,141.930467,42.0992135,0,141.930467,-3.5530645,-2.56766238,-1.57125631,-1.57125631,138.377402,226.128894,226.128894,true,false,true,VALID_STRICT,strict if |residual/Qgenerated|<10%; low-power reclassification requires |residual_W|<3 W and |residual/max_energy_scale|<5%
RUN008_CASE_116,SOLID_ONLY_RISK_125_RUN008B_HEAT_BALANCE_FIX,0.600000,750.000000,95.000000,20.000000,26.1159924,57.7464543,-95.8130891,66.4096944,28.3430596,95.8130891,0,28.3430596,-2.2270672,-8.52759936,-1.01244484,-1.01244484,26.1159924,219.969238,219.969238,true,true,true,VALID_STRICT,strict if |residual/Qgenerated|<10%; low-power reclassification requires |residual_W|<3 W and |residual/max_energy_scale|<5%
RUN008_CASE_117,SOLID_ONLY_RISK_125_RUN008B_HEAT_BALANCE_FIX,0.800000,1000.00000,95.000000,20.000000,44.9068688,67.5950862,-89.0532084,69.109271,47.6511488,89.0532084,0,47.6511488,-2.74428,-6.11104731,-1.21558717,-1.21558717,44.9068688,225.757566,225.757566,true,true,true,VALID_STRICT,strict if |residual/Qgenerated|<10%; low-power reclassification requires |residual_W|<3 W and |residual/max_energy_scale|<5%
RUN008_CASE_118,SOLID_ONLY_RISK_125_RUN008B_HEAT_BALANCE_FIX,1.000000,1250.00000,95.000000,20.000000,69.6860746,80.602065,-80.2695587,72.6423971,72.9749034,80.2695587,0,72.9749034,-3.2888288,-4.71949212,-1.40840742,-1.40840742,69.6860746,233.514021,233.514021,true,false,true,VALID_STRICT,strict if |residual/Qgenerated|<10%; low-power reclassification requires |residual_W|<3 W and |residual/max_energy_scale|<5%
RUN008_CASE_119,SOLID_ONLY_RISK_125_RUN008B_HEAT_BALANCE_FIX,1.200000,1500.00000,95.000000,20.000000,100.959935,97.0272439,-69.3762618,77.1332333,104.784215,69.3762618,0,104.784215,-3.8242804,-3.78791884,-1.57030944,-1.57030944,100.959935,243.536739,243.536739,true,false,true,VALID_STRICT,strict if |residual/Qgenerated|<10%; low-power reclassification requires |residual_W|<3 W and |residual/max_energy_scale|<5%
RUN008_CASE_120,SOLID_ONLY_RISK_125_RUN008B_HEAT_BALANCE_FIX,1.400000,1750.00000,95.000000,20.000000,139.387135,117.195626,-55.753413,82.7002787,144.142492,55.753413,0,144.142492,-4.7553567,-3.41161808,-1.86010929,-1.86010929,139.387135,255.649318,255.649318,true,false,true,VALID_STRICT,strict if |residual/Qgenerated|<10%; low-power reclassification requires |residual_W|<3 W and |residual/max_energy_scale|<5%
RUN008_CASE_121,SOLID_ONLY_RISK_125_RUN008B_HEAT_BALANCE_FIX,0.600000,750.000000,105.000000,20.000000,26.2928701,64.1209284,-110.74945,75.3888565,28.7603349,110.74945,0,28.7603349,-2.4674648,-9.38453958,-0.985963535,-0.985963535,26.2928701,250.259235,250.259235,true,true,true,VALID_STRICT,strict if |residual/Qgenerated|<10%; low-power reclassification requires |residual_W|<3 W and |residual/max_energy_scale|<5%
RUN008_CASE_122,SOLID_ONLY_RISK_125_RUN008B_HEAT_BALANCE_FIX,0.800000,1000.00000,105.000000,20.000000,45.2234283,74.019032,-103.934357,78.1183506,48.2030256,103.934357,0,48.2030256,-2.9795973,-6.58861438,-1.16357912,-1.16357912,45.2234283,256.07174,256.07174,true,true,true,VALID_STRICT,strict if |residual/Qgenerated|<10%; low-power reclassification requires |residual_W|<3 W and |residual/max_energy_scale|<5%
RUN008_CASE_123,SOLID_ONLY_RISK_125_RUN008B_HEAT_BALANCE_FIX,1.000000,1250.00000,105.000000,20.000000,70.1843938,87.0878846,-95.0119325,81.6860673,73.7620194,95.0119325,0,73.7620194,-3.5776256,-5.09746598,-1.3562612,-1.3562612,70.1843938,263.785884,263.785884,true,false,true,VALID_STRICT,strict if |residual/Qgenerated|<10%; low-power reclassification requires |residual_W|<3 W and |residual/max_energy_scale|<5%
RUN008_CASE_124,SOLID_ONLY_RISK_125_RUN008B_HEAT_BALANCE_FIX,1.200000,1500.00000,105.000000,20.000000,101.688105,103.59957,-84.0059513,86.2019065,105.795525,84.0059513,0,105.795525,-4.1074202,-4.03923369,-1.50011277,-1.50011277,101.688105,273.807428,273.807428,true,false,true,VALID_STRICT,strict if |residual/Qgenerated|<10%; low-power reclassification requires |residual_W|<3 W and |residual/max_energy_scale|<5%
RUN008_CASE_125,SOLID_ONLY_RISK_125_RUN008B_HEAT_BALANCE_FIX,1.400000,1750.00000,105.000000,20.000000,140.398341,123.879321,-70.3751838,91.8065644,145.310702,70.3751838,0,145.310702,-4.9123606,-3.49887368,-1.71724192,-1.71724192,140.398341,286.061069,286.061069,true,false,true,VALID_STRICT,strict if |residual/Qgenerated|<10%; low-power reclassification requires |residual_W|<3 W and |residual/max_energy_scale|<5%
