component,domain_id,boundary_id,selection_name,physical_meaning,r_min_mm,r_max_mm,z_min_mm,z_max_mm
comp_v1,D001,,v1_surrounding_oil_domain,"oil surrounding domain, z < 0",66,360,-595,0
comp_v1,D002,,v1_surrounding_air_domain,"air surrounding domain, z > 0",135,360,0,1650
comp_v1,D003,,v1_inner_conduit_or_hollow_region,inner hollow region defined by d3 = 40 mm,0,20,-595,1650
comp_v1,D004,,v1_center_conductor,current-carrying conductor tube wall,20,32,-595,1650
comp_v1,D005,,v1_terminal_connector_region,air-side terminal connector using a1 = 40 mm,0,40,1150,1190
comp_v1,D006,,v1_contact_resistance_heat_source_layer,terminal-conductor contact heat-source layer,20,32,1150,1190
comp_v1,D007,,v1_rip_capacitor_core,"RIP condenser core, bounded by oil-side core radius 66 mm",32,66,-595,1150
comp_v1,D008,,v1_silicone_rubber_external_insulation,silicone rubber external insulation trunk,66,82,0,1150
comp_v1,D009,,v1_flange_grounded_metal,grounded flange disk D = 400 mm,66,200,-15.0,15.0
comp_v1,D010,,v1_flange_grounded_metal,grounded flange connection length L4 = 200 mm,66,100,-100.0,100.0
comp_v1,D011,,v1_oil_side_core,oil-side RIP core with D1 = 132 mm,32,66,-595,0
comp_v1,D012,,v1_oil_side_shield_or_tapered_region,"stepped approximation of oil-side tapered shield, stage 1",45,66,-595,-415
comp_v1,D013,,v1_oil_side_shield_or_tapered_region,"stepped approximation of oil-side tapered shield, stage 2",52,66,-415,-245
comp_v1,D014,,v1_oil_side_shield_or_tapered_region,"stepped approximation of oil-side tapered shield, stage 3",58,66,-245,-100
comp_v1,D015,,v1_air_side_sheds_or_equivalent_envelope,V1 equivalent full shed envelope,82,135,0,1150
comp_v1,D016,,v1_air_side_sheds_or_equivalent_envelope,V1 lower stepped envelope,95,135,0,280
comp_v1,D017,,v1_air_side_sheds_or_equivalent_envelope,V1 upper stepped envelope,95,135,870,1150
comp_v1,D018,,v1_screen_S00,condenser screen S00; fixed 72.75 kV RMS,35.0,35.25,-575.0,575.0
comp_v1,D019,,v1_screen_S01,"condenser screen S01; floating screen, potential only for initialization/postprocess",37.25,37.5,-575.0,575.0
comp_v1,D020,,v1_screen_S02,"condenser screen S02; floating screen, potential only for initialization/postprocess",39.5,39.75,-575.0,575.0
comp_v1,D021,,v1_screen_S03,"condenser screen S03; floating screen, potential only for initialization/postprocess",41.75,42.0,-575.0,575.0
comp_v1,D022,,v1_screen_S04,"condenser screen S04; floating screen, potential only for initialization/postprocess",44.0,44.25,-575.0,575.0
comp_v1,D023,,v1_screen_S05,"condenser screen S05; floating screen, potential only for initialization/postprocess",46.25,46.5,-550.0,550.0
comp_v1,D024,,v1_screen_S06,"condenser screen S06; floating screen, potential only for initialization/postprocess",48.5,48.75,-505.0,505.0
comp_v1,D025,,v1_screen_S07,"condenser screen S07; floating screen, potential only for initialization/postprocess",50.75,51.0,-460.0,460.0
comp_v1,D026,,v1_screen_S08,"condenser screen S08; floating screen, potential only for initialization/postprocess",53.0,53.25,-415.0,415.0
comp_v1,D027,,v1_screen_S09,"condenser screen S09; floating screen, potential only for initialization/postprocess",55.25,55.5,-370.0,370.0
comp_v1,D028,,v1_screen_S10,condenser screen S10; fixed ground 0 V,57.5,57.75,-325.0,325.0
comp_v2,D029,,v2_surrounding_oil_domain,"oil surrounding domain, z < 0",66,360,-595,0
comp_v2,D030,,v2_surrounding_air_domain,"air surrounding domain, z > 0",135,360,0,1650
comp_v2,D031,,v2_inner_conduit_or_hollow_region,inner hollow region defined by d3 = 40 mm,0,20,-595,1650
comp_v2,D032,,v2_center_conductor,current-carrying conductor tube wall,20,32,-595,1650
comp_v2,D033,,v2_terminal_connector_region,air-side terminal connector using a1 = 40 mm,0,40,1150,1190
comp_v2,D034,,v2_contact_resistance_heat_source_layer,terminal-conductor contact heat-source layer,20,32,1150,1190
comp_v2,D035,,v2_rip_capacitor_core,"RIP condenser core, bounded by oil-side core radius 66 mm",32,66,-595,1150
comp_v2,D036,,v2_silicone_rubber_external_insulation,silicone rubber external insulation trunk,66,82,0,1150
comp_v2,D037,,v2_flange_grounded_metal,grounded flange disk D = 400 mm,66,200,-15.0,15.0
comp_v2,D038,,v2_flange_grounded_metal,grounded flange connection length L4 = 200 mm,66,100,-100.0,100.0
comp_v2,D039,,v2_oil_side_core,oil-side RIP core with D1 = 132 mm,32,66,-595,0
comp_v2,D040,,v2_air_side_sheds_or_equivalent_envelope,V2 CAD-driven air-side outer profile; air_000,82.0,119.812,0.0,15.972
comp_v2,D041,,v2_air_side_sheds_or_equivalent_envelope,V2 CAD-driven air-side outer profile; air_001,82.0,121.5,15.972,31.944
comp_v2,D042,,v2_air_side_sheds_or_equivalent_envelope,V2 CAD-driven air-side outer profile; air_002,82.0,121.5,31.944,47.917
comp_v2,D043,,v2_air_side_sheds_or_equivalent_envelope,V2 CAD-driven air-side outer profile; air_003,82.0,121.5,47.917,63.889
comp_v2,D044,,v2_air_side_sheds_or_equivalent_envelope,V2 CAD-driven air-side outer profile; air_004,82.0,121.5,63.889,79.861
comp_v2,D045,,v2_air_side_sheds_or_equivalent_envelope,V2 CAD-driven air-side outer profile; air_005,82.0,121.5,79.861,95.833
comp_v2,D046,,v2_air_side_sheds_or_equivalent_envelope,V2 CAD-driven air-side outer profile; air_006,82.0,110.531,95.833,111.806
comp_v2,D047,,v2_air_side_sheds_or_equivalent_envelope,V2 CAD-driven air-side outer profile; air_007,82.0,121.5,111.806,127.778
comp_v2,D048,,v2_air_side_sheds_or_equivalent_envelope,V2 CAD-driven air-side outer profile; air_008,82.0,121.5,127.778,143.75
comp_v2,D049,,v2_air_side_sheds_or_equivalent_envelope,V2 CAD-driven air-side outer profile; air_009,82.0,121.5,143.75,159.722
comp_v2,D050,,v2_air_side_sheds_or_equivalent_envelope,V2 CAD-driven air-side outer profile; air_010,82.0,121.5,159.722,175.694
comp_v2,D051,,v2_air_side_sheds_or_equivalent_envelope,V2 CAD-driven air-side outer profile; air_011,82.0,121.5,175.694,191.667
comp_v2,D052,,v2_air_side_sheds_or_equivalent_envelope,V2 CAD-driven air-side outer profile; air_012,82.0,121.5,191.667,207.639
comp_v2,D053,,v2_air_side_sheds_or_equivalent_envelope,V2 CAD-driven air-side outer profile; air_013,82.0,109.534,207.639,223.611
comp_v2,D054,,v2_air_side_sheds_or_equivalent_envelope,V2 CAD-driven air-side outer profile; air_014,82.0,92.045,223.611,239.583
comp_v2,D055,,v2_air_side_sheds_or_equivalent_envelope,V2 CAD-driven air-side outer profile; air_015,82.0,135.0,239.583,255.556
comp_v2,D056,,v2_air_side_sheds_or_equivalent_envelope,V2 CAD-driven air-side outer profile; air_016,82.0,126.692,255.556,271.528
comp_v2,D057,,v2_air_side_sheds_or_equivalent_envelope,V2 CAD-driven air-side outer profile; air_017,82.0,94.5,271.528,287.5
comp_v2,D058,,v2_air_side_sheds_or_equivalent_envelope,V2 CAD-driven air-side outer profile; air_018,82.0,114.75,287.5,303.472
comp_v2,D059,,v2_air_side_sheds_or_equivalent_envelope,V2 CAD-driven air-side outer profile; air_019,82.0,101.039,303.472,319.444
comp_v2,D060,,v2_air_side_sheds_or_equivalent_envelope,V2 CAD-driven air-side outer profile; air_020,82.0,135.0,319.444,335.417
comp_v2,D061,,v2_air_side_sheds_or_equivalent_envelope,V2 CAD-driven air-side outer profile; air_021,82.0,128.769,335.417,351.389
comp_v2,D062,,v2_air_side_sheds_or_equivalent_envelope,V2 CAD-driven air-side outer profile; air_022,82.0,96.577,351.389,367.361
comp_v2,D063,,v2_air_side_sheds_or_equivalent_envelope,V2 CAD-driven air-side outer profile; air_023,82.0,114.75,367.361,383.333
comp_v2,D064,,v2_air_side_sheds_or_equivalent_envelope,V2 CAD-driven air-side outer profile; air_024,82.0,103.148,383.333,399.306
comp_v2,D065,,v2_air_side_sheds_or_equivalent_envelope,V2 CAD-driven air-side outer profile; air_025,82.0,135.0,399.306,415.278
comp_v2,D066,,v2_air_side_sheds_or_equivalent_envelope,V2 CAD-driven air-side outer profile; air_026,82.0,130.846,415.278,431.25
comp_v2,D067,,v2_air_side_sheds_or_equivalent_envelope,V2 CAD-driven air-side outer profile; air_027,82.0,98.654,431.25,447.222
comp_v2,D068,,v2_air_side_sheds_or_equivalent_envelope,V2 CAD-driven air-side outer profile; air_028,82.0,114.75,447.222,463.194
comp_v2,D069,,v2_air_side_sheds_or_equivalent_envelope,V2 CAD-driven air-side outer profile; air_029,82.0,105.258,463.194,479.167
comp_v2,D070,,v2_air_side_sheds_or_equivalent_envelope,V2 CAD-driven air-side outer profile; air_030,82.0,135.0,479.167,495.139
comp_v2,D071,,v2_air_side_sheds_or_equivalent_envelope,V2 CAD-driven air-side outer profile; air_031,82.0,132.923,495.139,511.111
comp_v2,D072,,v2_air_side_sheds_or_equivalent_envelope,V2 CAD-driven air-side outer profile; air_032,82.0,100.731,511.111,527.083
comp_v2,D073,,v2_air_side_sheds_or_equivalent_envelope,V2 CAD-driven air-side outer profile; air_033,82.0,114.75,527.083,543.056
comp_v2,D074,,v2_air_side_sheds_or_equivalent_envelope,V2 CAD-driven air-side outer profile; air_034,82.0,106.312,543.056,559.028
comp_v2,D075,,v2_air_side_sheds_or_equivalent_envelope,V2 CAD-driven air-side outer profile; air_035,82.0,135.0,559.028,575.0
comp_v2,D076,,v2_air_side_sheds_or_equivalent_envelope,V2 CAD-driven air-side outer profile; air_036,82.0,133.962,575.0,590.972
comp_v2,D077,,v2_air_side_sheds_or_equivalent_envelope,V2 CAD-driven air-side outer profile; air_037,82.0,102.808,590.972,606.944
comp_v2,D078,,v2_air_side_sheds_or_equivalent_envelope,V2 CAD-driven air-side outer profile; air_038,82.0,114.75,606.944,622.917
comp_v2,D079,,v2_air_side_sheds_or_equivalent_envelope,V2 CAD-driven air-side outer profile; air_039,82.0,108.422,622.917,638.889
comp_v2,D080,,v2_air_side_sheds_or_equivalent_envelope,V2 CAD-driven air-side outer profile; air_041,82.0,135.0,654.861,670.833
comp_v2,D081,,v2_air_side_sheds_or_equivalent_envelope,V2 CAD-driven air-side outer profile; air_042,82.0,104.885,670.833,686.806
comp_v2,D082,,v2_air_side_sheds_or_equivalent_envelope,V2 CAD-driven air-side outer profile; air_043,82.0,114.75,686.806,702.778
comp_v2,D083,,v2_air_side_sheds_or_equivalent_envelope,V2 CAD-driven air-side outer profile; air_044,82.0,110.531,702.778,718.75
comp_v2,D084,,v2_air_side_sheds_or_equivalent_envelope,V2 CAD-driven air-side outer profile; air_046,82.0,135.0,734.722,750.694
comp_v2,D085,,v2_air_side_sheds_or_equivalent_envelope,V2 CAD-driven air-side outer profile; air_047,82.0,106.962,750.694,766.667
comp_v2,D086,,v2_air_side_sheds_or_equivalent_envelope,V2 CAD-driven air-side outer profile; air_048,82.0,114.75,766.667,782.639
comp_v2,D087,,v2_air_side_sheds_or_equivalent_envelope,V2 CAD-driven air-side outer profile; air_049,82.0,112.641,782.639,798.611
comp_v2,D088,,v2_air_side_sheds_or_equivalent_envelope,V2 CAD-driven air-side outer profile; air_051,82.0,135.0,814.583,830.556
comp_v2,D089,,v2_air_side_sheds_or_equivalent_envelope,V2 CAD-driven air-side outer profile; air_052,82.0,108.0,830.556,846.528
comp_v2,D090,,v2_air_side_sheds_or_equivalent_envelope,V2 CAD-driven air-side outer profile; air_054,82.0,114.75,862.5,878.472
comp_v2,D091,,v2_air_side_sheds_or_equivalent_envelope,V2 CAD-driven air-side outer profile; air_055,82.0,84.164,878.472,894.444
comp_v2,D092,,v2_air_side_sheds_or_equivalent_envelope,V2 CAD-driven air-side outer profile; air_056,82.0,135.0,894.444,910.417
comp_v2,D093,,v2_air_side_sheds_or_equivalent_envelope,V2 CAD-driven air-side outer profile; air_057,82.0,110.077,910.417,926.389
comp_v2,D094,,v2_air_side_sheds_or_equivalent_envelope,V2 CAD-driven air-side outer profile; air_059,82.0,114.75,942.361,958.333
comp_v2,D095,,v2_air_side_sheds_or_equivalent_envelope,V2 CAD-driven air-side outer profile; air_060,82.0,86.273,958.333,974.306
comp_v2,D096,,v2_air_side_sheds_or_equivalent_envelope,V2 CAD-driven air-side outer profile; air_061,82.0,135.0,974.306,990.278
comp_v2,D097,,v2_air_side_sheds_or_equivalent_envelope,V2 CAD-driven air-side outer profile; air_062,82.0,112.154,990.278,1006.25
comp_v2,D098,,v2_air_side_sheds_or_equivalent_envelope,V2 CAD-driven air-side outer profile; air_064,82.0,114.75,1022.222,1038.194
comp_v2,D099,,v2_air_side_sheds_or_equivalent_envelope,V2 CAD-driven air-side outer profile; air_065,82.0,88.383,1038.194,1054.167
comp_v2,D100,,v2_air_side_sheds_or_equivalent_envelope,V2 CAD-driven air-side outer profile; air_066,82.0,92.045,1054.167,1070.139
comp_v2,D101,,v2_air_side_sheds_or_equivalent_envelope,V2 CAD-driven air-side outer profile; air_067,82.0,109.534,1070.139,1086.111
comp_v2,D102,,v2_air_side_sheds_or_equivalent_envelope,V2 CAD-driven air-side outer profile; air_068,82.0,121.5,1086.111,1102.083
comp_v2,D103,,v2_air_side_sheds_or_equivalent_envelope,V2 CAD-driven air-side outer profile; air_069,82.0,121.5,1102.083,1118.056
comp_v2,D104,,v2_air_side_sheds_or_equivalent_envelope,V2 CAD-driven air-side outer profile; air_070,82.0,121.5,1118.056,1134.028
comp_v2,D105,,v2_air_side_sheds_or_equivalent_envelope,V2 CAD-driven air-side outer profile; air_071,82.0,119.812,1134.028,1150.0
comp_v2,D106,,v2_oil_side_shield_or_tapered_region,V2 CAD-driven oil-side transition profile; oil_000,32.0,39.6,-595.0,-578.472
comp_v2,D107,,v2_oil_side_shield_or_tapered_region,V2 CAD-driven oil-side transition profile; oil_001,32.0,39.6,-578.472,-561.944
comp_v2,D108,,v2_oil_side_shield_or_tapered_region,V2 CAD-driven oil-side transition profile; oil_002,32.0,39.6,-561.944,-545.417
comp_v2,D109,,v2_oil_side_shield_or_tapered_region,V2 CAD-driven oil-side transition profile; oil_003,32.0,39.6,-545.417,-528.889
comp_v2,D110,,v2_oil_side_shield_or_tapered_region,V2 CAD-driven oil-side transition profile; oil_004,32.0,39.6,-528.889,-512.361
comp_v2,D111,,v2_oil_side_shield_or_tapered_region,V2 CAD-driven oil-side transition profile; oil_005,32.0,39.6,-512.361,-495.833
comp_v2,D112,,v2_oil_side_shield_or_tapered_region,V2 CAD-driven oil-side transition profile; oil_006,32.0,41.506,-495.833,-479.306
comp_v2,D113,,v2_oil_side_shield_or_tapered_region,V2 CAD-driven oil-side transition profile; oil_007,32.0,44.188,-479.306,-462.778
comp_v2,D114,,v2_oil_side_shield_or_tapered_region,V2 CAD-driven oil-side transition profile; oil_008,32.0,46.8,-462.778,-446.25
comp_v2,D115,,v2_oil_side_shield_or_tapered_region,V2 CAD-driven oil-side transition profile; oil_009,32.0,49.482,-446.25,-429.722
comp_v2,D116,,v2_oil_side_shield_or_tapered_region,V2 CAD-driven oil-side transition profile; oil_010,32.0,52.165,-429.722,-413.194
comp_v2,D117,,v2_oil_side_shield_or_tapered_region,V2 CAD-driven oil-side transition profile; oil_011,32.0,54.847,-413.194,-396.667
comp_v2,D118,,v2_oil_side_shield_or_tapered_region,V2 CAD-driven oil-side transition profile; oil_012,32.0,57.459,-396.667,-380.139
comp_v2,D119,,v2_oil_side_shield_or_tapered_region,V2 CAD-driven oil-side transition profile; oil_013,32.0,60.141,-380.139,-363.611
comp_v2,D120,,v2_oil_side_shield_or_tapered_region,V2 CAD-driven oil-side transition profile; oil_014,32.0,62.824,-363.611,-347.083
comp_v2,D121,,v2_oil_side_shield_or_tapered_region,V2 CAD-driven oil-side transition profile; oil_015,32.0,65.506,-347.083,-330.556
comp_v2,D122,,v2_oil_side_shield_or_tapered_region,V2 CAD-driven oil-side transition profile; oil_016,32.0,66.0,-330.556,-314.028
comp_v2,D123,,v2_oil_side_shield_or_tapered_region,V2 CAD-driven oil-side transition profile; oil_017,32.0,66.0,-314.028,-297.5
comp_v2,D124,,v2_oil_side_shield_or_tapered_region,V2 CAD-driven oil-side transition profile; oil_018,32.0,66.0,-297.5,-280.972
comp_v2,D125,,v2_oil_side_shield_or_tapered_region,V2 CAD-driven oil-side transition profile; oil_019,32.0,66.0,-280.972,-264.444
comp_v2,D126,,v2_oil_side_shield_or_tapered_region,V2 CAD-driven oil-side transition profile; oil_020,32.0,66.0,-264.444,-247.917
comp_v2,D127,,v2_oil_side_shield_or_tapered_region,V2 CAD-driven oil-side transition profile; oil_021,32.0,66.0,-247.917,-231.389
comp_v2,D128,,v2_oil_side_shield_or_tapered_region,V2 CAD-driven oil-side transition profile; oil_022,32.0,66.0,-231.389,-214.861
comp_v2,D129,,v2_oil_side_shield_or_tapered_region,V2 CAD-driven oil-side transition profile; oil_023,32.0,66.0,-214.861,-198.333
comp_v2,D130,,v2_oil_side_shield_or_tapered_region,V2 CAD-driven oil-side transition profile; oil_024,32.0,66.0,-198.333,-181.806
comp_v2,D131,,v2_oil_side_shield_or_tapered_region,V2 CAD-driven oil-side transition profile; oil_025,32.0,66.0,-181.806,-165.278
comp_v2,D132,,v2_oil_side_shield_or_tapered_region,V2 CAD-driven oil-side transition profile; oil_026,32.0,66.0,-165.278,-148.75
comp_v2,D133,,v2_oil_side_shield_or_tapered_region,V2 CAD-driven oil-side transition profile; oil_027,32.0,66.0,-148.75,-132.222
comp_v2,D134,,v2_oil_side_shield_or_tapered_region,V2 CAD-driven oil-side transition profile; oil_028,32.0,66.0,-132.222,-115.694
comp_v2,D135,,v2_oil_side_shield_or_tapered_region,V2 CAD-driven oil-side transition profile; oil_029,32.0,66.0,-115.694,-99.167
comp_v2,D136,,v2_oil_side_shield_or_tapered_region,V2 CAD-driven oil-side transition profile; oil_030,32.0,66.0,-99.167,-82.639
comp_v2,D137,,v2_oil_side_shield_or_tapered_region,V2 CAD-driven oil-side transition profile; oil_031,32.0,66.0,-82.639,-66.111
comp_v2,D138,,v2_oil_side_shield_or_tapered_region,V2 CAD-driven oil-side transition profile; oil_032,32.0,66.0,-66.111,-49.583
comp_v2,D139,,v2_oil_side_shield_or_tapered_region,V2 CAD-driven oil-side transition profile; oil_033,32.0,66.0,-49.583,-33.056
comp_v2,D140,,v2_oil_side_shield_or_tapered_region,V2 CAD-driven oil-side transition profile; oil_034,32.0,66.0,-33.056,-16.528
comp_v2,D141,,v2_oil_side_shield_or_tapered_region,V2 CAD-driven oil-side transition profile; oil_035,32.0,66.0,-16.528,0.0
comp_v2,D142,,v2_screen_S00,condenser screen S00; fixed 72.75 kV RMS,35.0,35.25,-575.0,575.0
comp_v2,D143,,v2_screen_S01,"condenser screen S01; floating screen, potential only for initialization/postprocess",37.25,37.5,-575.0,575.0
comp_v2,D144,,v2_screen_S02,"condenser screen S02; floating screen, potential only for initialization/postprocess",39.5,39.75,-575.0,575.0
comp_v2,D145,,v2_screen_S03,"condenser screen S03; floating screen, potential only for initialization/postprocess",41.75,42.0,-575.0,575.0
comp_v2,D146,,v2_screen_S04,"condenser screen S04; floating screen, potential only for initialization/postprocess",44.0,44.25,-575.0,575.0
comp_v2,D147,,v2_screen_S05,"condenser screen S05; floating screen, potential only for initialization/postprocess",46.25,46.5,-550.0,550.0
comp_v2,D148,,v2_screen_S06,"condenser screen S06; floating screen, potential only for initialization/postprocess",48.5,48.75,-505.0,505.0
comp_v2,D149,,v2_screen_S07,"condenser screen S07; floating screen, potential only for initialization/postprocess",50.75,51.0,-460.0,460.0
comp_v2,D150,,v2_screen_S08,"condenser screen S08; floating screen, potential only for initialization/postprocess",53.0,53.25,-415.0,415.0
comp_v2,D151,,v2_screen_S09,"condenser screen S09; floating screen, potential only for initialization/postprocess",55.25,55.5,-370.0,370.0
comp_v2,D152,,v2_screen_S10,condenser screen S10; fixed ground 0 V,57.5,57.75,-325.0,325.0
comp_v2_cad_solid_preview,D153,,pv_inner_conduit_or_hollow_region,inner hollow region defined by d3 = 40 mm,0,20,-595,1650
comp_v2_cad_solid_preview,D154,,pv_center_conductor,current-carrying conductor tube wall,20,32,-595,1650
comp_v2_cad_solid_preview,D155,,pv_terminal_connector_region,air-side terminal connector using a1 = 40 mm,0,40,1150,1190
comp_v2_cad_solid_preview,D156,,pv_contact_resistance_heat_source_layer,terminal-conductor contact heat-source layer,20,32,1150,1190
comp_v2_cad_solid_preview,D157,,pv_rip_capacitor_core,"RIP condenser core, bounded by oil-side core radius 66 mm",32,66,-595,1150
comp_v2_cad_solid_preview,D158,,pv_silicone_rubber_external_insulation,silicone rubber external insulation trunk,66,82,0,1150
comp_v2_cad_solid_preview,D159,,pv_flange_grounded_metal,grounded flange disk D = 400 mm,66,200,-15.0,15.0
comp_v2_cad_solid_preview,D160,,pv_flange_grounded_metal,grounded flange connection length L4 = 200 mm,66,100,-100.0,100.0
comp_v2_cad_solid_preview,D161,,pv_oil_side_core,oil-side RIP core with D1 = 132 mm,32,66,-595,0
comp_v2_cad_solid_preview,D162,,pv_air_side_sheds_or_equivalent_envelope,V2 CAD-driven air-side outer profile; air_000,82.0,119.812,0.0,15.972
comp_v2_cad_solid_preview,D163,,pv_air_side_sheds_or_equivalent_envelope,V2 CAD-driven air-side outer profile; air_001,82.0,121.5,15.972,31.944
comp_v2_cad_solid_preview,D164,,pv_air_side_sheds_or_equivalent_envelope,V2 CAD-driven air-side outer profile; air_002,82.0,121.5,31.944,47.917
comp_v2_cad_solid_preview,D165,,pv_air_side_sheds_or_equivalent_envelope,V2 CAD-driven air-side outer profile; air_003,82.0,121.5,47.917,63.889
comp_v2_cad_solid_preview,D166,,pv_air_side_sheds_or_equivalent_envelope,V2 CAD-driven air-side outer profile; air_004,82.0,121.5,63.889,79.861
comp_v2_cad_solid_preview,D167,,pv_air_side_sheds_or_equivalent_envelope,V2 CAD-driven air-side outer profile; air_005,82.0,121.5,79.861,95.833
comp_v2_cad_solid_preview,D168,,pv_air_side_sheds_or_equivalent_envelope,V2 CAD-driven air-side outer profile; air_006,82.0,110.531,95.833,111.806
comp_v2_cad_solid_preview,D169,,pv_air_side_sheds_or_equivalent_envelope,V2 CAD-driven air-side outer profile; air_007,82.0,121.5,111.806,127.778
comp_v2_cad_solid_preview,D170,,pv_air_side_sheds_or_equivalent_envelope,V2 CAD-driven air-side outer profile; air_008,82.0,121.5,127.778,143.75
comp_v2_cad_solid_preview,D171,,pv_air_side_sheds_or_equivalent_envelope,V2 CAD-driven air-side outer profile; air_009,82.0,121.5,143.75,159.722
comp_v2_cad_solid_preview,D172,,pv_air_side_sheds_or_equivalent_envelope,V2 CAD-driven air-side outer profile; air_010,82.0,121.5,159.722,175.694
comp_v2_cad_solid_preview,D173,,pv_air_side_sheds_or_equivalent_envelope,V2 CAD-driven air-side outer profile; air_011,82.0,121.5,175.694,191.667
comp_v2_cad_solid_preview,D174,,pv_air_side_sheds_or_equivalent_envelope,V2 CAD-driven air-side outer profile; air_012,82.0,121.5,191.667,207.639
comp_v2_cad_solid_preview,D175,,pv_air_side_sheds_or_equivalent_envelope,V2 CAD-driven air-side outer profile; air_013,82.0,109.534,207.639,223.611
comp_v2_cad_solid_preview,D176,,pv_air_side_sheds_or_equivalent_envelope,V2 CAD-driven air-side outer profile; air_014,82.0,92.045,223.611,239.583
comp_v2_cad_solid_preview,D177,,pv_air_side_sheds_or_equivalent_envelope,V2 CAD-driven air-side outer profile; air_015,82.0,135.0,239.583,255.556
comp_v2_cad_solid_preview,D178,,pv_air_side_sheds_or_equivalent_envelope,V2 CAD-driven air-side outer profile; air_016,82.0,126.692,255.556,271.528
comp_v2_cad_solid_preview,D179,,pv_air_side_sheds_or_equivalent_envelope,V2 CAD-driven air-side outer profile; air_017,82.0,94.5,271.528,287.5
comp_v2_cad_solid_preview,D180,,pv_air_side_sheds_or_equivalent_envelope,V2 CAD-driven air-side outer profile; air_018,82.0,114.75,287.5,303.472
comp_v2_cad_solid_preview,D181,,pv_air_side_sheds_or_equivalent_envelope,V2 CAD-driven air-side outer profile; air_019,82.0,101.039,303.472,319.444
comp_v2_cad_solid_preview,D182,,pv_air_side_sheds_or_equivalent_envelope,V2 CAD-driven air-side outer profile; air_020,82.0,135.0,319.444,335.417
comp_v2_cad_solid_preview,D183,,pv_air_side_sheds_or_equivalent_envelope,V2 CAD-driven air-side outer profile; air_021,82.0,128.769,335.417,351.389
comp_v2_cad_solid_preview,D184,,pv_air_side_sheds_or_equivalent_envelope,V2 CAD-driven air-side outer profile; air_022,82.0,96.577,351.389,367.361
comp_v2_cad_solid_preview,D185,,pv_air_side_sheds_or_equivalent_envelope,V2 CAD-driven air-side outer profile; air_023,82.0,114.75,367.361,383.333
comp_v2_cad_solid_preview,D186,,pv_air_side_sheds_or_equivalent_envelope,V2 CAD-driven air-side outer profile; air_024,82.0,103.148,383.333,399.306
comp_v2_cad_solid_preview,D187,,pv_air_side_sheds_or_equivalent_envelope,V2 CAD-driven air-side outer profile; air_025,82.0,135.0,399.306,415.278
comp_v2_cad_solid_preview,D188,,pv_air_side_sheds_or_equivalent_envelope,V2 CAD-driven air-side outer profile; air_026,82.0,130.846,415.278,431.25
comp_v2_cad_solid_preview,D189,,pv_air_side_sheds_or_equivalent_envelope,V2 CAD-driven air-side outer profile; air_027,82.0,98.654,431.25,447.222
comp_v2_cad_solid_preview,D190,,pv_air_side_sheds_or_equivalent_envelope,V2 CAD-driven air-side outer profile; air_028,82.0,114.75,447.222,463.194
comp_v2_cad_solid_preview,D191,,pv_air_side_sheds_or_equivalent_envelope,V2 CAD-driven air-side outer profile; air_029,82.0,105.258,463.194,479.167
comp_v2_cad_solid_preview,D192,,pv_air_side_sheds_or_equivalent_envelope,V2 CAD-driven air-side outer profile; air_030,82.0,135.0,479.167,495.139
comp_v2_cad_solid_preview,D193,,pv_air_side_sheds_or_equivalent_envelope,V2 CAD-driven air-side outer profile; air_031,82.0,132.923,495.139,511.111
comp_v2_cad_solid_preview,D194,,pv_air_side_sheds_or_equivalent_envelope,V2 CAD-driven air-side outer profile; air_032,82.0,100.731,511.111,527.083
comp_v2_cad_solid_preview,D195,,pv_air_side_sheds_or_equivalent_envelope,V2 CAD-driven air-side outer profile; air_033,82.0,114.75,527.083,543.056
comp_v2_cad_solid_preview,D196,,pv_air_side_sheds_or_equivalent_envelope,V2 CAD-driven air-side outer profile; air_034,82.0,106.312,543.056,559.028
comp_v2_cad_solid_preview,D197,,pv_air_side_sheds_or_equivalent_envelope,V2 CAD-driven air-side outer profile; air_035,82.0,135.0,559.028,575.0
comp_v2_cad_solid_preview,D198,,pv_air_side_sheds_or_equivalent_envelope,V2 CAD-driven air-side outer profile; air_036,82.0,133.962,575.0,590.972
comp_v2_cad_solid_preview,D199,,pv_air_side_sheds_or_equivalent_envelope,V2 CAD-driven air-side outer profile; air_037,82.0,102.808,590.972,606.944
comp_v2_cad_solid_preview,D200,,pv_air_side_sheds_or_equivalent_envelope,V2 CAD-driven air-side outer profile; air_038,82.0,114.75,606.944,622.917
comp_v2_cad_solid_preview,D201,,pv_air_side_sheds_or_equivalent_envelope,V2 CAD-driven air-side outer profile; air_039,82.0,108.422,622.917,638.889
comp_v2_cad_solid_preview,D202,,pv_air_side_sheds_or_equivalent_envelope,V2 CAD-driven air-side outer profile; air_041,82.0,135.0,654.861,670.833
comp_v2_cad_solid_preview,D203,,pv_air_side_sheds_or_equivalent_envelope,V2 CAD-driven air-side outer profile; air_042,82.0,104.885,670.833,686.806
comp_v2_cad_solid_preview,D204,,pv_air_side_sheds_or_equivalent_envelope,V2 CAD-driven air-side outer profile; air_043,82.0,114.75,686.806,702.778
comp_v2_cad_solid_preview,D205,,pv_air_side_sheds_or_equivalent_envelope,V2 CAD-driven air-side outer profile; air_044,82.0,110.531,702.778,718.75
comp_v2_cad_solid_preview,D206,,pv_air_side_sheds_or_equivalent_envelope,V2 CAD-driven air-side outer profile; air_046,82.0,135.0,734.722,750.694
comp_v2_cad_solid_preview,D207,,pv_air_side_sheds_or_equivalent_envelope,V2 CAD-driven air-side outer profile; air_047,82.0,106.962,750.694,766.667
comp_v2_cad_solid_preview,D208,,pv_air_side_sheds_or_equivalent_envelope,V2 CAD-driven air-side outer profile; air_048,82.0,114.75,766.667,782.639
comp_v2_cad_solid_preview,D209,,pv_air_side_sheds_or_equivalent_envelope,V2 CAD-driven air-side outer profile; air_049,82.0,112.641,782.639,798.611
comp_v2_cad_solid_preview,D210,,pv_air_side_sheds_or_equivalent_envelope,V2 CAD-driven air-side outer profile; air_051,82.0,135.0,814.583,830.556
comp_v2_cad_solid_preview,D211,,pv_air_side_sheds_or_equivalent_envelope,V2 CAD-driven air-side outer profile; air_052,82.0,108.0,830.556,846.528
comp_v2_cad_solid_preview,D212,,pv_air_side_sheds_or_equivalent_envelope,V2 CAD-driven air-side outer profile; air_054,82.0,114.75,862.5,878.472
comp_v2_cad_solid_preview,D213,,pv_air_side_sheds_or_equivalent_envelope,V2 CAD-driven air-side outer profile; air_055,82.0,84.164,878.472,894.444
comp_v2_cad_solid_preview,D214,,pv_air_side_sheds_or_equivalent_envelope,V2 CAD-driven air-side outer profile; air_056,82.0,135.0,894.444,910.417
comp_v2_cad_solid_preview,D215,,pv_air_side_sheds_or_equivalent_envelope,V2 CAD-driven air-side outer profile; air_057,82.0,110.077,910.417,926.389
comp_v2_cad_solid_preview,D216,,pv_air_side_sheds_or_equivalent_envelope,V2 CAD-driven air-side outer profile; air_059,82.0,114.75,942.361,958.333
comp_v2_cad_solid_preview,D217,,pv_air_side_sheds_or_equivalent_envelope,V2 CAD-driven air-side outer profile; air_060,82.0,86.273,958.333,974.306
comp_v2_cad_solid_preview,D218,,pv_air_side_sheds_or_equivalent_envelope,V2 CAD-driven air-side outer profile; air_061,82.0,135.0,974.306,990.278
comp_v2_cad_solid_preview,D219,,pv_air_side_sheds_or_equivalent_envelope,V2 CAD-driven air-side outer profile; air_062,82.0,112.154,990.278,1006.25
comp_v2_cad_solid_preview,D220,,pv_air_side_sheds_or_equivalent_envelope,V2 CAD-driven air-side outer profile; air_064,82.0,114.75,1022.222,1038.194
comp_v2_cad_solid_preview,D221,,pv_air_side_sheds_or_equivalent_envelope,V2 CAD-driven air-side outer profile; air_065,82.0,88.383,1038.194,1054.167
comp_v2_cad_solid_preview,D222,,pv_air_side_sheds_or_equivalent_envelope,V2 CAD-driven air-side outer profile; air_066,82.0,92.045,1054.167,1070.139
comp_v2_cad_solid_preview,D223,,pv_air_side_sheds_or_equivalent_envelope,V2 CAD-driven air-side outer profile; air_067,82.0,109.534,1070.139,1086.111
comp_v2_cad_solid_preview,D224,,pv_air_side_sheds_or_equivalent_envelope,V2 CAD-driven air-side outer profile; air_068,82.0,121.5,1086.111,1102.083
comp_v2_cad_solid_preview,D225,,pv_air_side_sheds_or_equivalent_envelope,V2 CAD-driven air-side outer profile; air_069,82.0,121.5,1102.083,1118.056
comp_v2_cad_solid_preview,D226,,pv_air_side_sheds_or_equivalent_envelope,V2 CAD-driven air-side outer profile; air_070,82.0,121.5,1118.056,1134.028
comp_v2_cad_solid_preview,D227,,pv_air_side_sheds_or_equivalent_envelope,V2 CAD-driven air-side outer profile; air_071,82.0,119.812,1134.028,1150.0
comp_v2_cad_solid_preview,D228,,pv_oil_side_shield_or_tapered_region,V2 CAD-driven oil-side transition profile; oil_000,32.0,39.6,-595.0,-578.472
comp_v2_cad_solid_preview,D229,,pv_oil_side_shield_or_tapered_region,V2 CAD-driven oil-side transition profile; oil_001,32.0,39.6,-578.472,-561.944
comp_v2_cad_solid_preview,D230,,pv_oil_side_shield_or_tapered_region,V2 CAD-driven oil-side transition profile; oil_002,32.0,39.6,-561.944,-545.417
comp_v2_cad_solid_preview,D231,,pv_oil_side_shield_or_tapered_region,V2 CAD-driven oil-side transition profile; oil_003,32.0,39.6,-545.417,-528.889
comp_v2_cad_solid_preview,D232,,pv_oil_side_shield_or_tapered_region,V2 CAD-driven oil-side transition profile; oil_004,32.0,39.6,-528.889,-512.361
comp_v2_cad_solid_preview,D233,,pv_oil_side_shield_or_tapered_region,V2 CAD-driven oil-side transition profile; oil_005,32.0,39.6,-512.361,-495.833
comp_v2_cad_solid_preview,D234,,pv_oil_side_shield_or_tapered_region,V2 CAD-driven oil-side transition profile; oil_006,32.0,41.506,-495.833,-479.306
comp_v2_cad_solid_preview,D235,,pv_oil_side_shield_or_tapered_region,V2 CAD-driven oil-side transition profile; oil_007,32.0,44.188,-479.306,-462.778
comp_v2_cad_solid_preview,D236,,pv_oil_side_shield_or_tapered_region,V2 CAD-driven oil-side transition profile; oil_008,32.0,46.8,-462.778,-446.25
comp_v2_cad_solid_preview,D237,,pv_oil_side_shield_or_tapered_region,V2 CAD-driven oil-side transition profile; oil_009,32.0,49.482,-446.25,-429.722
comp_v2_cad_solid_preview,D238,,pv_oil_side_shield_or_tapered_region,V2 CAD-driven oil-side transition profile; oil_010,32.0,52.165,-429.722,-413.194
comp_v2_cad_solid_preview,D239,,pv_oil_side_shield_or_tapered_region,V2 CAD-driven oil-side transition profile; oil_011,32.0,54.847,-413.194,-396.667
comp_v2_cad_solid_preview,D240,,pv_oil_side_shield_or_tapered_region,V2 CAD-driven oil-side transition profile; oil_012,32.0,57.459,-396.667,-380.139
comp_v2_cad_solid_preview,D241,,pv_oil_side_shield_or_tapered_region,V2 CAD-driven oil-side transition profile; oil_013,32.0,60.141,-380.139,-363.611
comp_v2_cad_solid_preview,D242,,pv_oil_side_shield_or_tapered_region,V2 CAD-driven oil-side transition profile; oil_014,32.0,62.824,-363.611,-347.083
comp_v2_cad_solid_preview,D243,,pv_oil_side_shield_or_tapered_region,V2 CAD-driven oil-side transition profile; oil_015,32.0,65.506,-347.083,-330.556
comp_v2_cad_solid_preview,D244,,pv_oil_side_shield_or_tapered_region,V2 CAD-driven oil-side transition profile; oil_016,32.0,66.0,-330.556,-314.028
comp_v2_cad_solid_preview,D245,,pv_oil_side_shield_or_tapered_region,V2 CAD-driven oil-side transition profile; oil_017,32.0,66.0,-314.028,-297.5
comp_v2_cad_solid_preview,D246,,pv_oil_side_shield_or_tapered_region,V2 CAD-driven oil-side transition profile; oil_018,32.0,66.0,-297.5,-280.972
comp_v2_cad_solid_preview,D247,,pv_oil_side_shield_or_tapered_region,V2 CAD-driven oil-side transition profile; oil_019,32.0,66.0,-280.972,-264.444
comp_v2_cad_solid_preview,D248,,pv_oil_side_shield_or_tapered_region,V2 CAD-driven oil-side transition profile; oil_020,32.0,66.0,-264.444,-247.917
comp_v2_cad_solid_preview,D249,,pv_oil_side_shield_or_tapered_region,V2 CAD-driven oil-side transition profile; oil_021,32.0,66.0,-247.917,-231.389
comp_v2_cad_solid_preview,D250,,pv_oil_side_shield_or_tapered_region,V2 CAD-driven oil-side transition profile; oil_022,32.0,66.0,-231.389,-214.861
comp_v2_cad_solid_preview,D251,,pv_oil_side_shield_or_tapered_region,V2 CAD-driven oil-side transition profile; oil_023,32.0,66.0,-214.861,-198.333
comp_v2_cad_solid_preview,D252,,pv_oil_side_shield_or_tapered_region,V2 CAD-driven oil-side transition profile; oil_024,32.0,66.0,-198.333,-181.806
comp_v2_cad_solid_preview,D253,,pv_oil_side_shield_or_tapered_region,V2 CAD-driven oil-side transition profile; oil_025,32.0,66.0,-181.806,-165.278
comp_v2_cad_solid_preview,D254,,pv_oil_side_shield_or_tapered_region,V2 CAD-driven oil-side transition profile; oil_026,32.0,66.0,-165.278,-148.75
comp_v2_cad_solid_preview,D255,,pv_oil_side_shield_or_tapered_region,V2 CAD-driven oil-side transition profile; oil_027,32.0,66.0,-148.75,-132.222
comp_v2_cad_solid_preview,D256,,pv_oil_side_shield_or_tapered_region,V2 CAD-driven oil-side transition profile; oil_028,32.0,66.0,-132.222,-115.694
comp_v2_cad_solid_preview,D257,,pv_oil_side_shield_or_tapered_region,V2 CAD-driven oil-side transition profile; oil_029,32.0,66.0,-115.694,-99.167
comp_v2_cad_solid_preview,D258,,pv_oil_side_shield_or_tapered_region,V2 CAD-driven oil-side transition profile; oil_030,32.0,66.0,-99.167,-82.639
comp_v2_cad_solid_preview,D259,,pv_oil_side_shield_or_tapered_region,V2 CAD-driven oil-side transition profile; oil_031,32.0,66.0,-82.639,-66.111
comp_v2_cad_solid_preview,D260,,pv_oil_side_shield_or_tapered_region,V2 CAD-driven oil-side transition profile; oil_032,32.0,66.0,-66.111,-49.583
comp_v2_cad_solid_preview,D261,,pv_oil_side_shield_or_tapered_region,V2 CAD-driven oil-side transition profile; oil_033,32.0,66.0,-49.583,-33.056
comp_v2_cad_solid_preview,D262,,pv_oil_side_shield_or_tapered_region,V2 CAD-driven oil-side transition profile; oil_034,32.0,66.0,-33.056,-16.528
comp_v2_cad_solid_preview,D263,,pv_oil_side_shield_or_tapered_region,V2 CAD-driven oil-side transition profile; oil_035,32.0,66.0,-16.528,0.0
comp_v2_cad_solid_preview,D264,,pv_screen_S00,condenser screen S00; fixed 72.75 kV RMS,35.0,35.25,-575.0,575.0
comp_v2_cad_solid_preview,D265,,pv_screen_S01,"condenser screen S01; floating screen, potential only for initialization/postprocess",37.25,37.5,-575.0,575.0
comp_v2_cad_solid_preview,D266,,pv_screen_S02,"condenser screen S02; floating screen, potential only for initialization/postprocess",39.5,39.75,-575.0,575.0
comp_v2_cad_solid_preview,D267,,pv_screen_S03,"condenser screen S03; floating screen, potential only for initialization/postprocess",41.75,42.0,-575.0,575.0
comp_v2_cad_solid_preview,D268,,pv_screen_S04,"condenser screen S04; floating screen, potential only for initialization/postprocess",44.0,44.25,-575.0,575.0
comp_v2_cad_solid_preview,D269,,pv_screen_S05,"condenser screen S05; floating screen, potential only for initialization/postprocess",46.25,46.5,-550.0,550.0
comp_v2_cad_solid_preview,D270,,pv_screen_S06,"condenser screen S06; floating screen, potential only for initialization/postprocess",48.5,48.75,-505.0,505.0
comp_v2_cad_solid_preview,D271,,pv_screen_S07,"condenser screen S07; floating screen, potential only for initialization/postprocess",50.75,51.0,-460.0,460.0
comp_v2_cad_solid_preview,D272,,pv_screen_S08,"condenser screen S08; floating screen, potential only for initialization/postprocess",53.0,53.25,-415.0,415.0
comp_v2_cad_solid_preview,D273,,pv_screen_S09,"condenser screen S09; floating screen, potential only for initialization/postprocess",55.25,55.5,-370.0,370.0
comp_v2_cad_solid_preview,D274,,pv_screen_S10,condenser screen S10; fixed ground 0 V,57.5,57.75,-325.0,325.0
comp_v1,,B001,v1_bnd_axisymmetry,r=0 axisymmetric boundary,,,,
comp_v1,,B002,v1_bnd_S00_fixed_72p75kV_rms,"S00 high-voltage screen/conductor boundary, 72.75 kV RMS",,,,
comp_v1,,B003,v1_bnd_S10_ground_0V,"S10 grounded condenser screen, 0 V",,,,
comp_v1,,B004,v1_bnd_flange_ground,grounded flange metal boundary,,,,
comp_v1,,B005,v1_bnd_air_external_convection,external insulation air convection/radiation boundary,,,,
comp_v1,,B006,v1_bnd_surrounding_air_outer,air far-field boundary,,,,
comp_v1,,B007,v1_bnd_surrounding_oil_outer,oil far-field boundary,,,,
comp_v1,,B008,v1_bnd_oil_immersed_surface,oil-side immersed solid/fluid interface,,,,
comp_v2,,B001,v2_bnd_axisymmetry,r=0 axisymmetric boundary,,,,
comp_v2,,B002,v2_bnd_S00_fixed_72p75kV_rms,"S00 high-voltage screen/conductor boundary, 72.75 kV RMS",,,,
comp_v2,,B003,v2_bnd_S10_ground_0V,"S10 grounded condenser screen, 0 V",,,,
comp_v2,,B004,v2_bnd_flange_ground,grounded flange metal boundary,,,,
comp_v2,,B005,v2_bnd_air_external_convection,refined shed air convection/radiation boundary,,,,
comp_v2,,B006,v2_bnd_surrounding_air_outer,air far-field boundary,,,,
comp_v2,,B007,v2_bnd_surrounding_oil_outer,oil far-field boundary,,,,
comp_v2,,B008,v2_bnd_oil_immersed_surface,oil-side immersed solid/fluid interface,,,,
